date,city,precipitation,month,year
2020-01-01,NYC,0.0,1,2020
2020-01-02,NYC,0.0,1,2020
2020-01-03,NYC,0.21,1,2020
2020-01-04,NYC,0.12,1,2020
2020-01-05,NYC,0.0,1,2020
2020-01-06,NYC,0.04,1,2020
2020-01-07,NYC,0.0,1,2020
2020-01-08,NYC,0.02,1,2020
2020-01-09,NYC,0.0,1,2020
2020-01-10,NYC,0.0,1,2020
2020-01-11,NYC,0.0,1,2020
2020-01-12,NYC,0.05,1,2020
2020-01-13,NYC,0.0,1,2020
2020-01-14,NYC,0.0,1,2020
2020-01-15,NYC,0.02,1,2020
2020-01-16,NYC,0.11,1,2020
2020-01-17,NYC,0.02,1,2020
2020-01-18,NYC,0.37,1,2020
2020-01-19,NYC,0.0,1,2020
2020-01-20,NYC,0.0,1,2020
2020-01-21,NYC,0.0,1,2020
2020-01-22,NYC,0.0,1,2020
2020-01-23,NYC,0.0,1,2020
2020-01-24,NYC,0.0,1,2020
2020-01-25,NYC,0.89,1,2020
2020-01-26,NYC,0.81,1,2020
2020-01-27,NYC,0.0,1,2020
2020-01-28,NYC,0.0,1,2020
2020-01-29,NYC,0.0,1,2020
2020-01-30,NYC,0.0,1,2020
2020-01-31,NYC,0.0,1,2020
2020-02-01,NYC,0.01,2,2020
2020-02-02,NYC,0.06,2,2020
2020-02-03,NYC,0.09,2,2020
2020-02-04,NYC,0.03,2,2020
2020-02-05,NYC,0.05,2,2020
2020-02-06,NYC,0.42,2,2020
2020-02-07,NYC,0.27,2,2020
2020-02-08,NYC,0.1,2,2020
2020-02-09,NYC,0.0,2,2020
2020-02-10,NYC,0.21,2,2020
2020-02-11,NYC,0.7,2,2020
2020-02-12,NYC,0.08,2,2020
2020-02-13,NYC,0.35,2,2020
2020-02-14,NYC,0.15,2,2020
2020-02-15,NYC,0.0,2,2020
2020-02-16,NYC,0.0,2,2020
2020-02-17,NYC,0.0,2,2020
2020-02-18,NYC,0.0,2,2020
2020-02-19,NYC,0.0,2,2020
2020-02-20,NYC,0.0,2,2020
2020-02-21,NYC,0.0,2,2020
2020-02-22,NYC,0.0,2,2020
2020-02-23,NYC,0.0,2,2020
2020-02-24,NYC,0.0,2,2020
2020-02-25,NYC,0.0,2,2020
2020-02-26,NYC,0.15,2,2020
2020-02-27,NYC,1.0,2,2020
2020-02-28,NYC,0.0,2,2020
2020-02-29,NYC,0.0,2,2020
2020-03-01,NYC,0.0,3,2020
2020-03-02,NYC,0.0,3,2020
2020-03-03,NYC,0.05,3,2020
2020-03-04,NYC,0.0,3,2020
2020-03-05,NYC,0.0,3,2020
2020-03-06,NYC,0.0,3,2020
2020-03-07,NYC,0.04,3,2020
2020-03-08,NYC,0.0,3,2020
2020-03-09,NYC,0.0,3,2020
2020-03-10,NYC,0.0,3,2020
2020-03-11,NYC,0.0,3,2020
2020-03-12,NYC,0.0,3,2020
2020-03-13,NYC,0.59,3,2020
2020-03-14,NYC,0.0,3,2020
2020-03-15,NYC,0.0,3,2020
2020-03-16,NYC,0.0,3,2020
2020-03-17,NYC,0.17,3,2020
2020-03-18,NYC,0.0,3,2020
2020-03-19,NYC,0.77,3,2020
2020-03-20,NYC,0.02,3,2020
2020-03-21,NYC,0.0,3,2020
2020-03-22,NYC,0.0,3,2020
2020-03-23,NYC,0.03,3,2020
2020-03-24,NYC,1.29,3,2020
2020-03-25,NYC,0.0,3,2020
2020-03-26,NYC,0.0,3,2020
2020-03-27,NYC,0.0,3,2020
2020-03-28,NYC,0.0,3,2020
2020-03-29,NYC,0.52,3,2020
2020-03-30,NYC,0.05,3,2020
2020-03-31,NYC,0.05,3,2020
2020-04-01,NYC,0.0,4,2020
2020-04-02,NYC,0.0,4,2020
2020-04-03,NYC,0.1,4,2020
2020-04-04,NYC,0.02,4,2020
2020-04-05,NYC,0.02,4,2020
2020-04-06,NYC,0.11,4,2020
2020-04-07,NYC,0.0,4,2020
2020-04-08,NYC,0.16,4,2020
2020-04-09,NYC,0.12,4,2020
2020-04-10,NYC,0.25,4,2020
2020-04-11,NYC,0.0,4,2020
2020-04-12,NYC,0.0,4,2020
2020-04-13,NYC,0.48,4,2020
2020-04-14,NYC,0.98,4,2020
2020-04-15,NYC,0.0,4,2020
2020-04-16,NYC,0.0,4,2020
2020-04-17,NYC,0.0,4,2020
2020-04-18,NYC,0.21,4,2020
2020-04-19,NYC,0.03,4,2020
2020-04-20,NYC,0.0,4,2020
2020-04-21,NYC,0.19,4,2020
2020-04-22,NYC,0.4,4,2020
2020-04-23,NYC,0.13,4,2020
2020-04-24,NYC,0.38,4,2020
2020-04-25,NYC,0.0,4,2020
2020-04-26,NYC,0.01,4,2020
2020-04-27,NYC,0.28,4,2020
2020-04-28,NYC,0.0,4,2020
2020-04-29,NYC,0.0,4,2020
2020-04-30,NYC,0.16,4,2020
2020-05-01,NYC,0.22,5,2020
2020-05-02,NYC,0.04,5,2020
2020-05-03,NYC,0.04,5,2020
2020-05-04,NYC,0.06,5,2020
2020-05-05,NYC,0.0,5,2020
2020-05-06,NYC,0.0,5,2020
2020-05-07,NYC,0.14,5,2020
2020-05-08,NYC,0.0,5,2020
2020-05-09,NYC,0.67,5,2020
2020-05-10,NYC,0.0,5,2020
2020-05-11,NYC,0.0,5,2020
2020-05-12,NYC,0.11,5,2020
2020-05-13,NYC,0.0,5,2020
2020-05-14,NYC,0.0,5,2020
2020-05-15,NYC,0.03,5,2020
2020-05-16,NYC,0.06,5,2020
2020-05-17,NYC,0.0,5,2020
2020-05-18,NYC,0.0,5,2020
2020-05-19,NYC,0.0,5,2020
2020-05-20,NYC,0.0,5,2020
2020-05-21,NYC,0.0,5,2020
2020-05-22,NYC,0.1,5,2020
2020-05-23,NYC,0.03,5,2020
2020-05-24,NYC,0.71,5,2020
2020-05-25,NYC,0.01,5,2020
2020-05-26,NYC,0.04,5,2020
2020-05-27,NYC,0.0,5,2020
2020-05-28,NYC,0.07,5,2020
2020-05-29,NYC,0.03,5,2020
2020-05-30,NYC,0.0,5,2020
2020-05-31,NYC,0.0,5,2020
2020-06-01,NYC,0.0,6,2020
2020-06-02,NYC,0.0,6,2020
2020-06-03,NYC,0.0,6,2020
2020-06-04,NYC,0.43,6,2020
2020-06-05,NYC,0.79,6,2020
2020-06-06,NYC,0.16,6,2020
2020-06-07,NYC,0.0,6,2020
2020-06-08,NYC,0.0,6,2020
2020-06-09,NYC,0.0,6,2020
2020-06-10,NYC,0.0,6,2020
2020-06-11,NYC,0.02,6,2020
2020-06-12,NYC,0.0,6,2020
2020-06-13,NYC,0.0,6,2020
2020-06-14,NYC,0.0,6,2020
2020-06-15,NYC,0.0,6,2020
2020-06-16,NYC,0.0,6,2020
2020-06-17,NYC,0.0,6,2020
2020-06-18,NYC,0.0,6,2020
2020-06-19,NYC,0.0,6,2020
2020-06-20,NYC,0.0,6,2020
2020-06-21,NYC,0.0,6,2020
2020-06-22,NYC,0.0,6,2020
2020-06-23,NYC,0.0,6,2020
2020-06-24,NYC,0.0,6,2020
2020-06-25,NYC,0.0,6,2020
2020-06-26,NYC,0.0,6,2020
2020-06-27,NYC,0.25,6,2020
2020-06-28,NYC,0.2,6,2020
2020-06-29,NYC,0.15,6,2020
2020-06-30,NYC,0.0,6,2020
2020-07-01,NYC,0.0,7,2020
2020-07-02,NYC,0.02,7,2020
2020-07-03,NYC,0.0,7,2020
2020-07-04,NYC,0.0,7,2020
2020-07-05,NYC,0.0,7,2020
2020-07-06,NYC,0.0,7,2020
2020-07-07,NYC,0.0,7,2020
2020-07-08,NYC,0.01,7,2020
2020-07-09,NYC,1.45,7,2020
2020-07-10,NYC,0.0,7,2020
2020-07-11,NYC,1.25,7,2020
2020-07-12,NYC,0.21,7,2020
2020-07-13,NYC,0.08,7,2020
2020-07-14,NYC,0.0,7,2020
2020-07-15,NYC,0.0,7,2020
2020-07-16,NYC,0.0,7,2020
2020-07-17,NYC,0.02,7,2020
2020-07-18,NYC,0.18,7,2020
2020-07-19,NYC,0.0,7,2020
2020-07-20,NYC,0.0,7,2020
2020-07-21,NYC,0.0,7,2020
2020-07-22,NYC,0.36,7,2020
2020-07-23,NYC,0.85,7,2020
2020-07-24,NYC,0.01,7,2020
2020-07-25,NYC,0.39,7,2020
2020-07-26,NYC,0.0,7,2020
2020-07-27,NYC,0.0,7,2020
2020-07-28,NYC,0.0,7,2020
2020-07-29,NYC,0.0,7,2020
2020-07-30,NYC,0.0,7,2020
2020-07-31,NYC,0.53,7,2020
2020-08-01,NYC,0.0,8,2020
2020-08-02,NYC,0.0,8,2020
2020-08-03,NYC,0.0,8,2020
2020-08-04,NYC,0.31,8,2020
2020-08-05,NYC,0.0,8,2020
2020-08-06,NYC,0.0,8,2020
2020-08-07,NYC,0.07,8,2020
2020-08-08,NYC,0.04,8,2020
2020-08-09,NYC,0.0,8,2020
2020-08-10,NYC,0.0,8,2020
2020-08-11,NYC,0.0,8,2020
2020-08-12,NYC,0.04,8,2020
2020-08-13,NYC,0.01,8,2020
2020-08-14,NYC,0.0,8,2020
2020-08-15,NYC,0.0,8,2020
2020-08-16,NYC,0.01,8,2020
2020-08-17,NYC,0.32,8,2020
2020-08-18,NYC,0.78,8,2020
2020-08-19,NYC,0.5,8,2020
2020-08-20,NYC,0.27,8,2020
2020-08-21,NYC,0.0,8,2020
2020-08-22,NYC,0.0,8,2020
2020-08-23,NYC,0.09,8,2020
2020-08-24,NYC,0.0,8,2020
2020-08-25,NYC,0.0,8,2020
2020-08-26,NYC,0.0,8,2020
2020-08-27,NYC,0.08,8,2020
2020-08-28,NYC,0.34,8,2020
2020-08-29,NYC,0.11,8,2020
2020-08-30,NYC,0.02,8,2020
2020-08-31,NYC,0.0,8,2020
2020-09-01,NYC,0.3,9,2020
2020-09-02,NYC,0.26,9,2020
2020-09-03,NYC,0.09,9,2020
2020-09-04,NYC,0.0,9,2020
2020-09-05,NYC,0.0,9,2020
2020-09-06,NYC,0.0,9,2020
2020-09-07,NYC,0.0,9,2020
2020-09-08,NYC,0.0,9,2020
2020-09-09,NYC,0.0,9,2020
2020-09-10,NYC,0.96,9,2020
2020-09-11,NYC,1.12,9,2020
2020-09-12,NYC,,9,2020
2020-09-13,NYC,0.0,9,2020
2020-09-14,NYC,0.0,9,2020
2020-09-15,NYC,0.0,9,2020
2020-09-16,NYC,0.0,9,2020
2020-09-17,NYC,0.0,9,2020
2020-09-18,NYC,0.04,9,2020
2020-09-19,NYC,0.0,9,2020
2020-09-20,NYC,0.0,9,2020
2020-09-21,NYC,0.0,9,2020
2020-09-22,NYC,0.0,9,2020
2020-09-23,NYC,0.0,9,2020
2020-09-24,NYC,0.0,9,2020
2020-09-25,NYC,0.0,9,2020
2020-09-26,NYC,0.0,9,2020
2020-09-27,NYC,0.0,9,2020
2020-09-28,NYC,0.11,9,2020
2020-09-29,NYC,0.0,9,2020
2020-09-30,NYC,0.9,9,2020
2020-10-01,NYC,0.0,10,2020
2020-10-02,NYC,0.0,10,2020
2020-10-03,NYC,0.0,10,2020
2020-10-04,NYC,0.0,10,2020
2020-10-05,NYC,0.0,10,2020
2020-10-06,NYC,0.0,10,2020
2020-10-07,NYC,0.0,10,2020
2020-10-08,NYC,0.04,10,2020
2020-10-09,NYC,0.0,10,2020
2020-10-10,NYC,0.0,10,2020
2020-10-11,NYC,0.0,10,2020
2020-10-12,NYC,,10,2020
2020-10-13,NYC,1.16,10,2020
2020-10-14,NYC,0.06,10,2020
2020-10-15,NYC,0.0,10,2020
2020-10-16,NYC,0.0,10,2020
2020-10-17,NYC,2.03,10,2020
2020-10-18,NYC,0.0,10,2020
2020-10-19,NYC,0.0,10,2020
2020-10-20,NYC,0.0,10,2020
2020-10-21,NYC,0.02,10,2020
2020-10-22,NYC,0.0,10,2020
2020-10-23,NYC,0.0,10,2020
2020-10-24,NYC,0.01,10,2020
2020-10-25,NYC,0.0,10,2020
2020-10-26,NYC,0.11,10,2020
2020-10-27,NYC,0.06,10,2020
2020-10-28,NYC,0.09,10,2020
2020-10-29,NYC,0.18,10,2020
2020-10-30,NYC,1.8,10,2020
2020-10-31,NYC,0.31,10,2020
2020-11-01,NYC,0.4,11,2020
2020-11-02,NYC,0.63,11,2020
2020-11-03,NYC,0.0,11,2020
2020-11-04,NYC,0.0,11,2020
2020-11-05,NYC,0.0,11,2020
2020-11-06,NYC,0.0,11,2020
2020-11-07,NYC,0.0,11,2020
2020-11-08,NYC,0.0,11,2020
2020-11-09,NYC,0.0,11,2020
2020-11-10,NYC,0.0,11,2020
2020-11-11,NYC,0.0,11,2020
2020-11-12,NYC,0.29,11,2020
2020-11-13,NYC,0.15,11,2020
2020-11-14,NYC,0.16,11,2020
2020-11-15,NYC,0.0,11,2020
2020-11-16,NYC,0.35,11,2020
2020-11-17,NYC,0.0,11,2020
2020-11-18,NYC,0.0,11,2020
2020-11-19,NYC,0.0,11,2020
2020-11-20,NYC,0.0,11,2020
2020-11-21,NYC,0.0,11,2020
2020-11-22,NYC,0.0,11,2020
2020-11-23,NYC,0.54,11,2020
2020-11-24,NYC,0.13,11,2020
2020-11-25,NYC,0.0,11,2020
2020-11-26,NYC,0.65,11,2020
2020-11-27,NYC,0.0,11,2020
2020-11-28,NYC,0.01,11,2020
2020-11-29,NYC,0.0,11,2020
2020-11-30,NYC,0.02,11,2020
2020-12-01,NYC,1.27,12,2020
2020-12-02,NYC,0.0,12,2020
2020-12-03,NYC,0.0,12,2020
2020-12-04,NYC,0.1,12,2020
2020-12-05,NYC,0.98,12,2020
2020-12-06,NYC,0.0,12,2020
2020-12-07,NYC,0.0,12,2020
2020-12-08,NYC,0.0,12,2020
2020-12-09,NYC,0.0,12,2020
2020-12-10,NYC,0.0,12,2020
2020-12-11,NYC,0.0,12,2020
2020-12-12,NYC,0.0,12,2020
2020-12-13,NYC,0.0,12,2020
2020-12-14,NYC,0.08,12,2020
2020-12-15,NYC,0.24,12,2020
2020-12-16,NYC,0.0,12,2020
2020-12-17,NYC,0.65,12,2020
2020-12-18,NYC,0.03,12,2020
2020-12-19,NYC,0.0,12,2020
2020-12-20,NYC,0.0,12,2020
2020-12-21,NYC,0.04,12,2020
2020-12-22,NYC,0.0,12,2020
2020-12-23,NYC,0.0,12,2020
2020-12-24,NYC,0.0,12,2020
2020-12-25,NYC,0.61,12,2020
2020-12-26,NYC,0.02,12,2020
2020-12-27,NYC,0.0,12,2020
2020-12-28,NYC,0.0,12,2020
2020-12-29,NYC,0.0,12,2020
2020-12-30,NYC,0.0,12,2020
2020-12-31,NYC,0.17,12,2020
2021-01-01,NYC,0.44,1,2021
2021-01-02,NYC,0.4,1,2021
2021-01-03,NYC,0.04,1,2021
2021-01-04,NYC,0.19,1,2021
2021-01-05,NYC,0.0,1,2021
2021-01-06,NYC,0.0,1,2021
2021-01-07,NYC,0.0,1,2021
2021-01-08,NYC,0.0,1,2021
2021-01-09,NYC,0.0,1,2021
2021-01-10,NYC,0.0,1,2021
2021-01-11,NYC,0.0,1,2021
2021-01-12,NYC,0.0,1,2021
2021-01-13,NYC,0.0,1,2021
2021-01-14,NYC,0.0,1,2021
2021-01-15,NYC,0.0,1,2021
2021-01-16,NYC,1.51,1,2021
2021-01-17,NYC,0.0,1,2021
2021-01-18,NYC,0.0,1,2021
2021-01-19,NYC,0.0,1,2021
2021-01-20,NYC,0.0,1,2021
2021-01-21,NYC,0.0,1,2021
2021-01-22,NYC,0.0,1,2021
2021-01-23,NYC,0.0,1,2021
2021-01-24,NYC,0.0,1,2021
2021-01-25,NYC,0.0,1,2021
2021-01-26,NYC,0.0,1,2021
2021-01-27,NYC,0.24,1,2021
2021-01-28,NYC,0.0,1,2021
2021-01-29,NYC,0.0,1,2021
2021-01-30,NYC,0.0,1,2021
2021-01-31,NYC,0.0,1,2021
2021-02-01,NYC,,2,2021
2021-02-02,NYC,1.67,2,2021
2021-02-03,NYC,0.19,2,2021
2021-02-04,NYC,0.0,2,2021
2021-02-05,NYC,0.0,2,2021
2021-02-06,NYC,0.0,2,2021
2021-02-07,NYC,0.0,2,2021
2021-02-08,NYC,0.67,2,2021
2021-02-09,NYC,0.0,2,2021
2021-02-10,NYC,0.05,2,2021
2021-02-11,NYC,,2,2021
2021-02-12,NYC,0.0,2,2021
2021-02-13,NYC,0.0,2,2021
2021-02-14,NYC,0.0,2,2021
2021-02-15,NYC,0.02,2,2021
2021-02-16,NYC,0.74,2,2021
2021-02-17,NYC,0.0,2,2021
2021-02-18,NYC,0.02,2,2021
2021-02-19,NYC,0.65,2,2021
2021-02-20,NYC,0.07,2,2021
2021-02-21,NYC,0.0,2,2021
2021-02-22,NYC,0.0,2,2021
2021-02-23,NYC,0.47,2,2021
2021-02-24,NYC,0.0,2,2021
2021-02-25,NYC,0.0,2,2021
2021-02-26,NYC,0.0,2,2021
2021-02-27,NYC,0.26,2,2021
2021-02-28,NYC,0.44,2,2021
2021-03-01,NYC,0.46,3,2021
2021-03-02,NYC,0.0,3,2021
2021-03-03,NYC,0.0,3,2021
2021-03-04,NYC,0.0,3,2021
2021-03-05,NYC,0.0,3,2021
2021-03-06,NYC,0.0,3,2021
2021-03-07,NYC,0.0,3,2021
2021-03-08,NYC,0.0,3,2021
2021-03-09,NYC,0.0,3,2021
2021-03-10,NYC,0.0,3,2021
2021-03-11,NYC,0.0,3,2021
2021-03-12,NYC,0.0,3,2021
2021-03-13,NYC,0.0,3,2021
2021-03-14,NYC,0.0,3,2021
2021-03-15,NYC,0.0,3,2021
2021-03-16,NYC,0.0,3,2021
2021-03-17,NYC,0.0,3,2021
2021-03-18,NYC,0.0,3,2021
2021-03-19,NYC,0.08,3,2021
2021-03-20,NYC,0.0,3,2021
2021-03-21,NYC,0.0,3,2021
2021-03-22,NYC,0.0,3,2021
2021-03-23,NYC,0.0,3,2021
2021-03-24,NYC,1.27,3,2021
2021-03-25,NYC,0.71,3,2021
2021-03-26,NYC,0.03,3,2021
2021-03-27,NYC,0.0,3,2021
2021-03-28,NYC,0.0,3,2021
2021-03-29,NYC,0.92,3,2021
2021-03-30,NYC,0.0,3,2021
2021-03-31,NYC,0.0,3,2021
2021-04-01,NYC,0.76,4,2021
2021-04-02,NYC,0.05,4,2021
2021-04-03,NYC,0.0,4,2021
2021-04-04,NYC,0.0,4,2021
2021-04-05,NYC,0.0,4,2021
2021-04-06,NYC,0.0,4,2021
2021-04-07,NYC,0.0,4,2021
2021-04-08,NYC,0.0,4,2021
2021-04-09,NYC,0.0,4,2021
2021-04-10,NYC,0.0,4,2021
2021-04-11,NYC,0.0,4,2021
2021-04-12,NYC,0.5,4,2021
2021-04-13,NYC,0.53,4,2021
2021-04-14,NYC,0.0,4,2021
2021-04-15,NYC,0.0,4,2021
2021-04-16,NYC,1.21,4,2021
2021-04-17,NYC,0.12,4,2021
2021-04-18,NYC,0.0,4,2021
2021-04-19,NYC,0.0,4,2021
2021-04-20,NYC,0.05,4,2021
2021-04-21,NYC,0.0,4,2021
2021-04-22,NYC,0.0,4,2021
2021-04-23,NYC,0.01,4,2021
2021-04-24,NYC,0.0,4,2021
2021-04-25,NYC,0.37,4,2021
2021-04-26,NYC,0.12,4,2021
2021-04-27,NYC,0.0,4,2021
2021-04-28,NYC,0.0,4,2021
2021-04-29,NYC,0.1,4,2021
2021-04-30,NYC,0.04,4,2021
2021-05-01,NYC,0.0,5,2021
2021-05-02,NYC,0.0,5,2021
2021-05-03,NYC,0.0,5,2021
2021-05-04,NYC,1.03,5,2021
2021-05-05,NYC,0.18,5,2021
2021-05-06,NYC,0.0,5,2021
2021-05-07,NYC,0.0,5,2021
2021-05-08,NYC,0.04,5,2021
2021-05-09,NYC,0.08,5,2021
2021-05-10,NYC,0.45,5,2021
2021-05-11,NYC,0.0,5,2021
2021-05-12,NYC,0.0,5,2021
2021-05-13,NYC,0.0,5,2021
2021-05-14,NYC,0.0,5,2021
2021-05-15,NYC,0.0,5,2021
2021-05-16,NYC,0.0,5,2021
2021-05-17,NYC,0.0,5,2021
2021-05-18,NYC,0.0,5,2021
2021-05-19,NYC,0.0,5,2021
2021-05-20,NYC,0.0,5,2021
2021-05-21,NYC,0.0,5,2021
2021-05-22,NYC,0.0,5,2021
2021-05-23,NYC,0.0,5,2021
2021-05-24,NYC,0.0,5,2021
2021-05-25,NYC,0.0,5,2021
2021-05-26,NYC,0.0,5,2021
2021-05-27,NYC,0.13,5,2021
2021-05-28,NYC,0.0,5,2021
2021-05-29,NYC,0.86,5,2021
2021-05-30,NYC,0.54,5,2021
2021-05-31,NYC,0.75,5,2021
2021-06-01,NYC,0.0,6,2021
2021-06-02,NYC,0.0,6,2021
2021-06-03,NYC,0.2,6,2021
2021-06-04,NYC,0.73,6,2021
2021-06-05,NYC,0.37,6,2021
2021-06-06,NYC,0.0,6,2021
2021-06-07,NYC,0.0,6,2021
2021-06-08,NYC,0.25,6,2021
2021-06-09,NYC,0.34,6,2021
2021-06-10,NYC,0.0,6,2021
2021-06-11,NYC,0.0,6,2021
2021-06-12,NYC,0.0,6,2021
2021-06-13,NYC,0.0,6,2021
2021-06-14,NYC,0.08,6,2021
2021-06-15,NYC,0.02,6,2021
2021-06-16,NYC,0.0,6,2021
2021-06-17,NYC,0.0,6,2021
2021-06-18,NYC,0.0,6,2021
2021-06-19,NYC,0.06,6,2021
2021-06-20,NYC,0.0,6,2021
2021-06-21,NYC,0.0,6,2021
2021-06-22,NYC,0.0,6,2021
2021-06-23,NYC,0.26,6,2021
2021-06-24,NYC,0.0,6,2021
2021-06-25,NYC,0.0,6,2021
2021-06-26,NYC,0.0,6,2021
2021-06-27,NYC,0.0,6,2021
2021-06-28,NYC,0.0,6,2021
2021-06-29,NYC,0.0,6,2021
2021-06-30,NYC,0.0,6,2021
2021-07-01,NYC,0.25,7,2021
2021-07-02,NYC,0.95,7,2021
2021-07-03,NYC,0.31,7,2021
2021-07-04,NYC,0.03,7,2021
2021-07-05,NYC,0.04,7,2021
2021-07-06,NYC,0.55,7,2021
2021-07-07,NYC,0.61,7,2021
2021-07-08,NYC,0.0,7,2021
2021-07-09,NYC,2.66,7,2021
2021-07-10,NYC,0.25,7,2021
2021-07-11,NYC,0.0,7,2021
2021-07-12,NYC,0.15,7,2021
2021-07-13,NYC,0.22,7,2021
2021-07-14,NYC,0.0,7,2021
2021-07-15,NYC,0.0,7,2021
2021-07-16,NYC,0.0,7,2021
2021-07-17,NYC,0.0,7,2021
2021-07-18,NYC,0.0,7,2021
2021-07-19,NYC,0.01,7,2021
2021-07-20,NYC,0.0,7,2021
2021-07-21,NYC,0.03,7,2021
2021-07-22,NYC,0.2,7,2021
2021-07-23,NYC,0.0,7,2021
2021-07-24,NYC,0.0,7,2021
2021-07-25,NYC,0.25,7,2021
2021-07-26,NYC,1.96,7,2021
2021-07-27,NYC,0.0,7,2021
2021-07-28,NYC,0.16,7,2021
2021-07-29,NYC,0.0,7,2021
2021-07-30,NYC,0.0,7,2021
2021-07-31,NYC,0.0,7,2021
2021-08-01,NYC,0.0,8,2021
2021-08-02,NYC,0.0,8,2021
2021-08-03,NYC,0.0,8,2021
2021-08-04,NYC,0.0,8,2021
2021-08-05,NYC,0.0,8,2021
2021-08-06,NYC,0.0,8,2021
2021-08-07,NYC,0.0,8,2021
2021-08-08,NYC,0.56,8,2021
2021-08-09,NYC,0.19,8,2021
2021-08-10,NYC,0.16,8,2021
2021-08-11,NYC,0.06,8,2021
2021-08-12,NYC,0.23,8,2021
2021-08-13,NYC,0.0,8,2021
2021-08-14,NYC,0.0,8,2021
2021-08-15,NYC,0.01,8,2021
2021-08-16,NYC,0.0,8,2021
2021-08-17,NYC,0.0,8,2021
2021-08-18,NYC,0.0,8,2021
2021-08-19,NYC,,8,2021
2021-08-20,NYC,0.0,8,2021
2021-08-21,NYC,0.0,8,2021
2021-08-22,NYC,5.35,8,2021
2021-08-23,NYC,2.95,8,2021
2021-08-24,NYC,0.0,8,2021
2021-08-25,NYC,0.0,8,2021
2021-08-26,NYC,0.0,8,2021
2021-08-27,NYC,0.0,8,2021
2021-08-28,NYC,0.89,8,2021
2021-08-29,NYC,0.1,8,2021
2021-08-30,NYC,0.02,8,2021
2021-08-31,NYC,0.0,8,2021
2021-09-01,NYC,7.13,9,2021
2021-09-02,NYC,5.24,9,2021
2021-09-03,NYC,0.0,9,2021
2021-09-04,NYC,0.0,9,2021
2021-09-05,NYC,0.06,9,2021
2021-09-06,NYC,0.06,9,2021
2021-09-07,NYC,0.0,9,2021
2021-09-08,NYC,0.0,9,2021
2021-09-09,NYC,0.26,9,2021
2021-09-10,NYC,0.28,9,2021
2021-09-11,NYC,0.0,9,2021
2021-09-12,NYC,0.0,9,2021
2021-09-13,NYC,0.0,9,2021
2021-09-14,NYC,0.09,9,2021
2021-09-15,NYC,0.0,9,2021
2021-09-16,NYC,0.0,9,2021
2021-09-17,NYC,0.0,9,2021
2021-09-18,NYC,0.0,9,2021
2021-09-19,NYC,0.0,9,2021
2021-09-20,NYC,0.0,9,2021
2021-09-21,NYC,0.03,9,2021
2021-09-22,NYC,0.04,9,2021
2021-09-23,NYC,0.0,9,2021
2021-09-24,NYC,2.38,9,2021
2021-09-25,NYC,0.01,9,2021
2021-09-26,NYC,0.0,9,2021
2021-09-27,NYC,0.0,9,2021
2021-09-28,NYC,0.0,9,2021
2021-09-29,NYC,0.13,9,2021
2021-09-30,NYC,0.0,9,2021
2021-10-01,NYC,0.0,10,2021
2021-10-02,NYC,0.0,10,2021
2021-10-03,NYC,0.0,10,2021
2021-10-04,NYC,0.02,10,2021
2021-10-05,NYC,0.0,10,2021
2021-10-06,NYC,0.0,10,2021
2021-10-07,NYC,0.0,10,2021
2021-10-08,NYC,0.0,10,2021
2021-10-09,NYC,0.0,10,2021
2021-10-10,NYC,0.0,10,2021
2021-10-11,NYC,0.18,10,2021
2021-10-12,NYC,0.0,10,2021
2021-10-13,NYC,0.0,10,2021
2021-10-14,NYC,0.01,10,2021
2021-10-15,NYC,0.0,10,2021
2021-10-16,NYC,0.0,10,2021
2021-10-17,NYC,0.15,10,2021
2021-10-18,NYC,0.05,10,2021
2021-10-19,NYC,0.0,10,2021
2021-10-20,NYC,0.0,10,2021
2021-10-21,NYC,0.0,10,2021
2021-10-22,NYC,0.0,10,2021
2021-10-23,NYC,0.0,10,2021
2021-10-24,NYC,0.0,10,2021
2021-10-25,NYC,0.24,10,2021
2021-10-26,NYC,1.77,10,2021
2021-10-27,NYC,3.5,10,2021
2021-10-28,NYC,0.0,10,2021
2021-10-29,NYC,0.0,10,2021
2021-10-30,NYC,0.03,10,2021
2021-10-31,NYC,0.19,10,2021
2021-11-01,NYC,0.0,11,2021
2021-11-02,NYC,0.0,11,2021
2021-11-03,NYC,0.0,11,2021
2021-11-04,NYC,0.0,11,2021
2021-11-05,NYC,0.0,11,2021
2021-11-06,NYC,0.0,11,2021
2021-11-07,NYC,0.0,11,2021
2021-11-08,NYC,0.0,11,2021
2021-11-09,NYC,0.0,11,2021
2021-11-10,NYC,0.0,11,2021
2021-11-11,NYC,0.0,11,2021
2021-11-12,NYC,0.05,11,2021
2021-11-13,NYC,0.28,11,2021
2021-11-14,NYC,0.17,11,2021
2021-11-15,NYC,0.05,11,2021
2021-11-16,NYC,0.0,11,2021
2021-11-17,NYC,0.0,11,2021
2021-11-18,NYC,0.0,11,2021
2021-11-19,NYC,0.06,11,2021
2021-11-20,NYC,0.0,11,2021
2021-11-21,NYC,0.0,11,2021
2021-11-22,NYC,0.11,11,2021
2021-11-23,NYC,0.03,11,2021
2021-11-24,NYC,0.0,11,2021
2021-11-25,NYC,0.0,11,2021
2021-11-26,NYC,0.19,11,2021
2021-11-27,NYC,0.01,11,2021
2021-11-28,NYC,0.0,11,2021
2021-11-29,NYC,0.0,11,2021
2021-11-30,NYC,0.0,11,2021
2021-12-01,NYC,0.0,12,2021
2021-12-02,NYC,0.08,12,2021
2021-12-03,NYC,0.01,12,2021
2021-12-04,NYC,0.0,12,2021
2021-12-05,NYC,0.0,12,2021
2021-12-06,NYC,0.11,12,2021
2021-12-07,NYC,0.05,12,2021
2021-12-08,NYC,0.04,12,2021
2021-12-09,NYC,0.04,12,2021
2021-12-10,NYC,0.0,12,2021
2021-12-11,NYC,0.17,12,2021
2021-12-12,NYC,0.0,12,2021
2021-12-13,NYC,0.0,12,2021
2021-12-14,NYC,0.0,12,2021
2021-12-15,NYC,0.0,12,2021
2021-12-16,NYC,0.0,12,2021
2021-12-17,NYC,0.0,12,2021
2021-12-18,NYC,0.0,12,2021
2021-12-19,NYC,0.23,12,2021
2021-12-20,NYC,0.0,12,2021
2021-12-21,NYC,0.0,12,2021
2021-12-22,NYC,0.29,12,2021
2021-12-23,NYC,0.0,12,2021
2021-12-24,NYC,0.03,12,2021
2021-12-25,NYC,0.0,12,2021
2021-12-26,NYC,0.2,12,2021
2021-12-27,NYC,0.0,12,2021
2021-12-28,NYC,0.09,12,2021
2021-12-29,NYC,0.39,12,2021
2021-12-30,NYC,0.08,12,2021
2021-12-31,NYC,0.02,12,2021
2022-01-01,NYC,0.04,1,2022
2022-01-02,NYC,0.97,1,2022
2022-01-03,NYC,0.0,1,2022
2022-01-04,NYC,0.0,1,2022
2022-01-05,NYC,0.0,1,2022
2022-01-06,NYC,0.0,1,2022
2022-01-07,NYC,0.49,1,2022
2022-01-08,NYC,0.0,1,2022
2022-01-09,NYC,0.0,1,2022
2022-01-10,NYC,0.16,1,2022
2022-01-11,NYC,0.0,1,2022
2022-01-12,NYC,0.0,1,2022
2022-01-13,NYC,0.0,1,2022
2022-01-14,NYC,0.0,1,2022
2022-01-15,NYC,0.0,1,2022
2022-01-16,NYC,0.0,1,2022
2022-01-17,NYC,1.72,1,2022
2022-01-18,NYC,0.0,1,2022
2022-01-19,NYC,0.0,1,2022
2022-01-20,NYC,0.19,1,2022
2022-01-21,NYC,0.0,1,2022
2022-01-22,NYC,0.0,1,2022
2022-01-23,NYC,0.0,1,2022
2022-01-24,NYC,0.0,1,2022
2022-01-25,NYC,0.0,1,2022
2022-01-26,NYC,0.0,1,2022
2022-01-27,NYC,0.0,1,2022
2022-01-28,NYC,0.12,1,2022
2022-01-29,NYC,0.77,1,2022
2022-01-30,NYC,,1,2022
2022-01-31,NYC,0.0,1,2022
2022-02-01,NYC,0.0,2,2022
2022-02-02,NYC,0.0,2,2022
2022-02-03,NYC,0.33,2,2022
2022-02-04,NYC,1.11,2,2022
2022-02-05,NYC,0.0,2,2022
2022-02-06,NYC,0.0,2,2022
2022-02-07,NYC,0.0,2,2022
2022-02-08,NYC,0.22,2,2022
2022-02-09,NYC,0.0,2,2022
2022-02-10,NYC,0.0,2,2022
2022-02-11,NYC,0.0,2,2022
2022-02-12,NYC,0.0,2,2022
2022-02-13,NYC,0.21,2,2022
2022-02-14,NYC,0.0,2,2022
2022-02-15,NYC,0.0,2,2022
2022-02-16,NYC,0.0,2,2022
2022-02-17,NYC,0.0,2,2022
2022-02-18,NYC,0.75,2,2022
2022-02-19,NYC,0.22,2,2022
2022-02-20,NYC,0.0,2,2022
2022-02-21,NYC,0.0,2,2022
2022-02-22,NYC,0.0,2,2022
2022-02-23,NYC,0.37,2,2022
2022-02-24,NYC,0.0,2,2022
2022-02-25,NYC,0.4,2,2022
2022-02-26,NYC,,2,2022
2022-02-27,NYC,0.0,2,2022
2022-02-28,NYC,0.0,2,2022
2022-03-01,NYC,0.0,3,2022
2022-03-02,NYC,0.0,3,2022
2022-03-03,NYC,0.07,3,2022
2022-03-04,NYC,0.0,3,2022
2022-03-05,NYC,0.0,3,2022
2022-03-06,NYC,0.0,3,2022
2022-03-07,NYC,0.16,3,2022
2022-03-08,NYC,0.0,3,2022
2022-03-09,NYC,0.0,3,2022
2022-03-10,NYC,0.71,3,2022
2022-03-11,NYC,0.0,3,2022
2022-03-12,NYC,0.0,3,2022
2022-03-13,NYC,0.0,3,2022
2022-03-14,NYC,0.02,3,2022
2022-03-15,NYC,0.0,3,2022
2022-03-16,NYC,0.02,3,2022
2022-03-17,NYC,0.06,3,2022
2022-03-18,NYC,0.12,3,2022
2022-03-19,NYC,0.0,3,2022
2022-03-20,NYC,0.26,3,2022
2022-03-21,NYC,0.0,3,2022
2022-03-22,NYC,0.0,3,2022
2022-03-23,NYC,0.0,3,2022
2022-03-24,NYC,0.93,3,2022
2022-03-25,NYC,0.02,3,2022
2022-03-26,NYC,0.0,3,2022
2022-03-27,NYC,0.0,3,2022
2022-03-28,NYC,0.0,3,2022
2022-03-29,NYC,0.0,3,2022
2022-03-30,NYC,0.0,3,2022
2022-03-31,NYC,0.0,3,2022
2022-04-01,NYC,0.0,4,2022
2022-04-02,NYC,0.0,4,2022
2022-04-03,NYC,0.0,4,2022
2022-04-04,NYC,,4,2022
2022-04-05,NYC,0.0,4,2022
2022-04-06,NYC,0.54,4,2022
2022-04-07,NYC,0.15,4,2022
2022-04-08,NYC,0.03,4,2022
2022-04-09,NYC,0.05,4,2022
2022-04-10,NYC,0.0,4,2022
2022-04-11,NYC,0.0,4,2022
2022-04-12,NYC,0.02,4,2022
2022-04-13,NYC,0.0,4,2022
2022-04-14,NYC,0.0,4,2022
2022-04-15,NYC,0.01,4,2022
2022-04-16,NYC,0.05,4,2022
2022-04-17,NYC,0.13,4,2022
2022-04-18,NYC,0.0,4,2022
2022-04-19,NYC,1.24,4,2022
2022-04-20,NYC,0.0,4,2022
2022-04-21,NYC,0.0,4,2022
2022-04-22,NYC,0.0,4,2022
2022-04-23,NYC,0.0,4,2022
2022-04-24,NYC,0.0,4,2022
2022-04-25,NYC,0.0,4,2022
2022-04-26,NYC,0.0,4,2022
2022-04-27,NYC,0.1,4,2022
2022-04-28,NYC,0.0,4,2022
2022-04-29,NYC,0.0,4,2022
2022-04-30,NYC,0.0,4,2022
2022-05-01,NYC,0.0,5,2022
2022-05-02,NYC,0.21,5,2022
2022-05-03,NYC,0.21,5,2022
2022-05-04,NYC,0.04,5,2022
2022-05-05,NYC,0.04,5,2022
2022-05-06,NYC,0.0,5,2022
2022-05-07,NYC,0.8,5,2022
2022-05-08,NYC,1.3,5,2022
2022-05-09,NYC,0.02,5,2022
2022-05-10,NYC,0.0,5,2022
2022-05-11,NYC,0.0,5,2022
2022-05-12,NYC,0.0,5,2022
2022-05-13,NYC,0.0,5,2022
2022-05-14,NYC,0.0,5,2022
2022-05-15,NYC,0.13,5,2022
2022-05-16,NYC,0.12,5,2022
2022-05-17,NYC,0.16,5,2022
2022-05-18,NYC,0.0,5,2022
2022-05-19,NYC,0.43,5,2022
2022-05-20,NYC,0.09,5,2022
2022-05-21,NYC,0.47,5,2022
2022-05-22,NYC,0.0,5,2022
2022-05-23,NYC,0.11,5,2022
2022-05-24,NYC,0.0,5,2022
2022-05-25,NYC,0.0,5,2022
2022-05-26,NYC,0.0,5,2022
2022-05-27,NYC,0.0,5,2022
2022-05-28,NYC,0.2,5,2022
2022-05-29,NYC,0.15,5,2022
2022-05-30,NYC,0.0,5,2022
2022-05-31,NYC,0.0,5,2022
2022-06-01,NYC,0.71,6,2022
2022-06-02,NYC,0.77,6,2022
2022-06-03,NYC,0.33,6,2022
2022-06-04,NYC,0.0,6,2022
2022-06-05,NYC,0.0,6,2022
2022-06-06,NYC,0.0,6,2022
2022-06-07,NYC,0.0,6,2022
2022-06-08,NYC,0.0,6,2022
2022-06-09,NYC,0.41,6,2022
2022-06-10,NYC,0.0,6,2022
2022-06-11,NYC,0.0,6,2022
2022-06-12,NYC,0.0,6,2022
2022-06-13,NYC,0.0,6,2022
2022-06-14,NYC,0.0,6,2022
2022-06-15,NYC,0.0,6,2022
2022-06-16,NYC,0.13,6,2022
2022-06-17,NYC,0.16,6,2022
2022-06-18,NYC,0.0,6,2022
2022-06-19,NYC,0.0,6,2022
2022-06-20,NYC,0.0,6,2022
2022-06-21,NYC,0.0,6,2022
2022-06-22,NYC,0.14,6,2022
2022-06-23,NYC,0.1,6,2022
2022-06-24,NYC,0.15,6,2022
2022-06-25,NYC,0.01,6,2022
2022-06-26,NYC,0.0,6,2022
2022-06-27,NYC,0.0,6,2022
2022-06-28,NYC,1.41,6,2022
2022-06-29,NYC,0.0,6,2022
2022-06-30,NYC,0.0,6,2022
2022-07-01,NYC,0.0,7,2022
2022-07-02,NYC,0.0,7,2022
2022-07-03,NYC,0.0,7,2022
2022-07-04,NYC,0.0,7,2022
2022-07-05,NYC,0.0,7,2022
2022-07-06,NYC,0.08,7,2022
2022-07-07,NYC,0.0,7,2022
2022-07-08,NYC,0.0,7,2022
2022-07-09,NYC,0.0,7,2022
2022-07-10,NYC,0.0,7,2022
2022-07-11,NYC,0.0,7,2022
2022-07-12,NYC,0.0,7,2022
2022-07-13,NYC,0.0,7,2022
2022-07-14,NYC,0.0,7,2022
2022-07-15,NYC,0.0,7,2022
2022-07-16,NYC,0.0,7,2022
2022-07-17,NYC,0.02,7,2022
2022-07-18,NYC,1.85,7,2022
2022-07-19,NYC,0.39,7,2022
2022-07-20,NYC,0.0,7,2022
2022-07-21,NYC,0.0,7,2022
2022-07-22,NYC,0.0,7,2022
2022-07-23,NYC,0.01,7,2022
2022-07-24,NYC,0.0,7,2022
2022-07-25,NYC,0.98,7,2022
2022-07-26,NYC,0.02,7,2022
2022-07-27,NYC,0.0,7,2022
2022-07-28,NYC,0.09,7,2022
2022-07-29,NYC,0.0,7,2022
2022-07-30,NYC,0.01,7,2022
2022-07-31,NYC,0.0,7,2022
2022-08-01,NYC,0.48,8,2022
2022-08-02,NYC,0.02,8,2022
2022-08-03,NYC,0.0,8,2022
2022-08-04,NYC,0.0,8,2022
2022-08-05,NYC,0.0,8,2022
2022-08-06,NYC,0.0,8,2022
2022-08-07,NYC,0.16,8,2022
2022-08-08,NYC,0.0,8,2022
2022-08-09,NYC,0.0,8,2022
2022-08-10,NYC,0.0,8,2022
2022-08-11,NYC,0.0,8,2022
2022-08-12,NYC,0.0,8,2022
2022-08-13,NYC,0.0,8,2022
2022-08-14,NYC,0.0,8,2022
2022-08-15,NYC,0.0,8,2022
2022-08-16,NYC,0.0,8,2022
2022-08-17,NYC,0.0,8,2022
2022-08-18,NYC,0.0,8,2022
2022-08-19,NYC,0.0,8,2022
2022-08-20,NYC,0.0,8,2022
2022-08-21,NYC,0.0,8,2022
2022-08-22,NYC,0.0,8,2022
2022-08-23,NYC,0.0,8,2022
2022-08-24,NYC,0.0,8,2022
2022-08-25,NYC,0.0,8,2022
2022-08-26,NYC,0.0,8,2022
2022-08-27,NYC,0.0,8,2022
2022-08-28,NYC,0.0,8,2022
2022-08-29,NYC,0.0,8,2022
2022-08-30,NYC,0.06,8,2022
2022-08-31,NYC,0.0,8,2022
2022-09-01,NYC,0.0,9,2022
2022-09-02,NYC,0.0,9,2022
2022-09-03,NYC,0.0,9,2022
2022-09-04,NYC,0.0,9,2022
2022-09-05,NYC,0.0,9,2022
2022-09-06,NYC,0.78,9,2022
2022-09-07,NYC,0.54,9,2022
2022-09-08,NYC,0.02,9,2022
2022-09-09,NYC,0.0,9,2022
2022-09-10,NYC,0.0,9,2022
2022-09-11,NYC,0.0,9,2022
2022-09-12,NYC,0.31,9,2022
2022-09-13,NYC,1.25,9,2022
2022-09-14,NYC,0.0,9,2022
2022-09-15,NYC,0.0,9,2022
2022-09-16,NYC,0.0,9,2022
2022-09-17,NYC,0.0,9,2022
2022-09-18,NYC,0.0,9,2022
2022-09-19,NYC,0.0,9,2022
2022-09-20,NYC,0.13,9,2022
2022-09-21,NYC,0.0,9,2022
2022-09-22,NYC,0.0,9,2022
2022-09-23,NYC,0.0,9,2022
2022-09-24,NYC,0.0,9,2022
2022-09-25,NYC,0.0,9,2022
2022-09-26,NYC,0.05,9,2022
2022-09-27,NYC,0.0,9,2022
2022-09-28,NYC,0.0,9,2022
2022-09-29,NYC,0.0,9,2022
2022-09-30,NYC,0.0,9,2022
2022-10-01,NYC,0.6,10,2022
2022-10-02,NYC,0.05,10,2022
2022-10-03,NYC,,10,2022
2022-10-04,NYC,1.85,10,2022
2022-10-05,NYC,0.23,10,2022
2022-10-06,NYC,0.37,10,2022
2022-10-07,NYC,0.0,10,2022
2022-10-08,NYC,0.0,10,2022
2022-10-09,NYC,0.0,10,2022
2022-10-10,NYC,0.0,10,2022
2022-10-11,NYC,0.0,10,2022
2022-10-12,NYC,0.0,10,2022
2022-10-13,NYC,0.0,10,2022
2022-10-14,NYC,0.8,10,2022
2022-10-15,NYC,0.0,10,2022
2022-10-16,NYC,,10,2022
2022-10-17,NYC,0.08,10,2022
2022-10-18,NYC,0.0,10,2022
2022-10-19,NYC,0.0,10,2022
2022-10-20,NYC,0.0,10,2022
2022-10-21,NYC,0.0,10,2022
2022-10-22,NYC,0.0,10,2022
2022-10-23,NYC,0.0,10,2022
2022-10-24,NYC,0.25,10,2022
2022-10-25,NYC,0.15,10,2022
2022-10-26,NYC,0.0,10,2022
2022-10-27,NYC,0.0,10,2022
2022-10-28,NYC,0.0,10,2022
2022-10-29,NYC,0.0,10,2022
2022-10-30,NYC,0.0,10,2022
2022-10-31,NYC,0.0,10,2022
2022-11-01,NYC,0.31,11,2022
2022-11-02,NYC,0.0,11,2022
2022-11-03,NYC,0.0,11,2022
2022-11-04,NYC,0.0,11,2022
2022-11-05,NYC,0.0,11,2022
2022-11-06,NYC,0.0,11,2022
2022-11-07,NYC,0.04,11,2022
2022-11-08,NYC,0.0,11,2022
2022-11-09,NYC,0.0,11,2022
2022-11-10,NYC,0.0,11,2022
2022-11-11,NYC,0.0,11,2022
2022-11-12,NYC,0.96,11,2022
2022-11-13,NYC,0.08,11,2022
2022-11-14,NYC,0.0,11,2022
2022-11-15,NYC,0.43,11,2022
2022-11-16,NYC,0.2,11,2022
2022-11-17,NYC,0.0,11,2022
2022-11-18,NYC,0.01,11,2022
2022-11-19,NYC,0.0,11,2022
2022-11-20,NYC,0.0,11,2022
2022-11-21,NYC,0.0,11,2022
2022-11-22,NYC,0.0,11,2022
2022-11-23,NYC,0.0,11,2022
2022-11-24,NYC,0.0,11,2022
2022-11-25,NYC,0.0,11,2022
2022-11-26,NYC,0.03,11,2022
2022-11-27,NYC,0.01,11,2022
2022-11-28,NYC,0.53,11,2022
2022-11-29,NYC,0.0,11,2022
2022-11-30,NYC,0.34,11,2022
2022-12-01,NYC,0.0,12,2022
2022-12-02,NYC,0.0,12,2022
2022-12-03,NYC,0.11,12,2022
2022-12-04,NYC,0.23,12,2022
2022-12-05,NYC,0.0,12,2022
2022-12-06,NYC,0.02,12,2022
2022-12-07,NYC,1.33,12,2022
2022-12-08,NYC,0.09,12,2022
2022-12-09,NYC,0.0,12,2022
2022-12-10,NYC,0.0,12,2022
2022-12-11,NYC,0.0,12,2022
2022-12-12,NYC,0.11,12,2022
2022-12-13,NYC,0.0,12,2022
2022-12-14,NYC,0.0,12,2022
2022-12-15,NYC,0.0,12,2022
2022-12-16,NYC,1.08,12,2022
2022-12-17,NYC,0.0,12,2022
2022-12-18,NYC,0.0,12,2022
2022-12-19,NYC,0.0,12,2022
2022-12-20,NYC,0.0,12,2022
2022-12-21,NYC,0.0,12,2022
2022-12-22,NYC,0.0,12,2022
2022-12-23,NYC,,12,2022
2022-12-24,NYC,,12,2022
2022-12-25,NYC,0.0,12,2022
2022-12-26,NYC,0.0,12,2022
2022-12-27,NYC,0.0,12,2022
2022-12-28,NYC,0.0,12,2022
2022-12-29,NYC,0.0,12,2022
2022-12-30,NYC,0.0,12,2022
2022-12-31,NYC,0.28,12,2022
2023-01-01,NYC,0.31,1,2023
2023-01-02,NYC,0.0,1,2023
2023-01-03,NYC,0.0,1,2023
2023-01-04,NYC,0.42,1,2023
2023-01-05,NYC,0.12,1,2023
2023-01-06,NYC,0.25,1,2023
2023-01-07,NYC,0.0,1,2023
2023-01-08,NYC,0.0,1,2023
2023-01-09,NYC,0.0,1,2023
2023-01-10,NYC,0.0,1,2023
2023-01-11,NYC,0.0,1,2023
2023-01-12,NYC,0.0,1,2023
2023-01-13,NYC,0.45,1,2023
2023-01-14,NYC,0.0,1,2023
2023-01-15,NYC,0.0,1,2023
2023-01-16,NYC,0.0,1,2023
2023-01-17,NYC,0.0,1,2023
2023-01-18,NYC,0.0,1,2023
2023-01-19,NYC,0.0,1,2023
2023-01-20,NYC,0.92,1,2023
2023-01-21,NYC,0.0,1,2023
2023-01-22,NYC,0.0,1,2023
2023-01-23,NYC,0.04,1,2023
2023-01-24,NYC,0.15,1,2023
2023-01-25,NYC,0.0,1,2023
2023-01-26,NYC,1.12,1,2023
2023-01-27,NYC,0.0,1,2023
2023-01-28,NYC,0.0,1,2023
2023-01-29,NYC,0.0,1,2023
2023-01-30,NYC,0.0,1,2023
2023-01-31,NYC,0.0,1,2023
2023-02-01,NYC,0.0,2,2023
2023-02-02,NYC,0.0,2,2023
2023-02-03,NYC,0.0,2,2023
2023-02-04,NYC,0.0,2,2023
2023-02-05,NYC,0.0,2,2023
2023-02-06,NYC,0.0,2,2023
2023-02-07,NYC,0.0,2,2023
2023-02-08,NYC,0.0,2,2023
2023-02-09,NYC,0.0,2,2023
2023-02-10,NYC,0.0,2,2023
2023-02-11,NYC,0.0,2,2023
2023-02-12,NYC,0.0,2,2023
2023-02-13,NYC,,2,2023
2023-02-14,NYC,0.0,2,2023
2023-02-15,NYC,0.0,2,2023
2023-02-16,NYC,0.0,2,2023
2023-02-17,NYC,0.05,2,2023
2023-02-18,NYC,0.4,2,2023
2023-02-19,NYC,0.0,2,2023
2023-02-20,NYC,0.0,2,2023
2023-02-21,NYC,0.04,2,2023
2023-02-22,NYC,0.1,2,2023
2023-02-23,NYC,0.02,2,2023
2023-02-24,NYC,0.02,2,2023
2023-02-25,NYC,0.0,2,2023
2023-02-26,NYC,0.0,2,2023
2023-02-27,NYC,0.0,2,2023
2023-02-28,NYC,0.56,2,2023
2023-03-01,NYC,0.02,3,2023
2023-03-02,NYC,0.05,3,2023
2023-03-03,NYC,0.01,3,2023
2023-03-04,NYC,1.24,3,2023
2023-03-05,NYC,0.0,3,2023
2023-03-06,NYC,0.0,3,2023
2023-03-07,NYC,,3,2023
2023-03-08,NYC,0.05,3,2023
2023-03-09,NYC,0.0,3,2023
2023-03-10,NYC,0.0,3,2023
2023-03-11,NYC,0.67,3,2023
2023-03-12,NYC,0.0,3,2023
2023-03-13,NYC,1.1,3,2023
2023-03-14,NYC,0.13,3,2023
2023-03-15,NYC,0.19,3,2023
2023-03-16,NYC,0.0,3,2023
2023-03-17,NYC,0.0,3,2023
2023-03-18,NYC,0.05,3,2023
2023-03-19,NYC,0.0,3,2023
2023-03-20,NYC,0.0,3,2023
2023-03-21,NYC,0.0,3,2023
2023-03-22,NYC,0.0,3,2023
2023-03-23,NYC,0.0,3,2023
2023-03-24,NYC,0.0,3,2023
2023-03-25,NYC,0.0,3,2023
2023-03-26,NYC,0.3,3,2023
2023-03-27,NYC,0.0,3,2023
2023-03-28,NYC,0.22,3,2023
2023-03-29,NYC,0.03,3,2023
2023-03-30,NYC,0.03,3,2023
2023-03-31,NYC,0.0,3,2023
2023-04-01,NYC,0.23,4,2023
2023-04-02,NYC,0.25,4,2023
2023-04-03,NYC,0.0,4,2023
2023-04-04,NYC,0.0,4,2023
2023-04-05,NYC,0.0,4,2023
2023-04-06,NYC,0.04,4,2023
2023-04-07,NYC,0.1,4,2023
2023-04-08,NYC,0.0,4,2023
2023-04-09,NYC,0.0,4,2023
2023-04-10,NYC,0.0,4,2023
2023-04-11,NYC,0.0,4,2023
2023-04-12,NYC,0.0,4,2023
2023-04-13,NYC,0.0,4,2023
2023-04-14,NYC,0.0,4,2023
2023-04-15,NYC,,4,2023
2023-04-16,NYC,0.03,4,2023
2023-04-17,NYC,0.01,4,2023
2023-04-18,NYC,0.01,4,2023
2023-04-19,NYC,0.0,4,2023
2023-04-20,NYC,0.0,4,2023
2023-04-21,NYC,0.0,4,2023
2023-04-22,NYC,1.02,4,2023
2023-04-23,NYC,0.73,4,2023
2023-04-24,NYC,0.0,4,2023
2023-04-25,NYC,0.0,4,2023
2023-04-26,NYC,0.0,4,2023
2023-04-27,NYC,0.05,4,2023
2023-04-28,NYC,0.0,4,2023
2023-04-29,NYC,2.46,4,2023
2023-04-30,NYC,0.68,4,2023
2023-05-01,NYC,2.06,5,2023
2023-05-02,NYC,0.13,5,2023
2023-05-03,NYC,0.0,5,2023
2023-05-04,NYC,0.1,5,2023
2023-05-05,NYC,0.22,5,2023
2023-05-06,NYC,0.0,5,2023
2023-05-07,NYC,0.0,5,2023
2023-05-08,NYC,0.0,5,2023
2023-05-09,NYC,0.0,5,2023
2023-05-10,NYC,0.0,5,2023
2023-05-11,NYC,0.0,5,2023
2023-05-12,NYC,0.0,5,2023
2023-05-13,NYC,0.0,5,2023
2023-05-14,NYC,0.0,5,2023
2023-05-15,NYC,0.0,5,2023
2023-05-16,NYC,0.0,5,2023
2023-05-17,NYC,0.0,5,2023
2023-05-18,NYC,0.0,5,2023
2023-05-19,NYC,0.0,5,2023
2023-05-20,NYC,1.13,5,2023
2023-05-21,NYC,2.05,5,2023
2023-05-22,NYC,0.0,5,2023
2023-05-23,NYC,0.0,5,2023
2023-05-24,NYC,0.0,5,2023
2023-05-25,NYC,0.0,5,2023
2023-05-26,NYC,0.0,5,2023
2023-05-27,NYC,0.0,5,2023
2023-05-28,NYC,0.0,5,2023
2023-05-29,NYC,0.0,5,2023
2023-05-30,NYC,0.0,5,2023
2023-05-31,NYC,0.0,5,2023
2023-06-01,NYC,0.0,6,2023
2023-06-02,NYC,0.0,6,2023
2023-06-03,NYC,0.0,6,2023
2023-06-04,NYC,0.0,6,2023
2023-06-05,NYC,0.0,6,2023
2023-06-06,NYC,0.0,6,2023
2023-06-07,NYC,0.0,6,2023
2023-06-08,NYC,0.0,6,2023
2023-06-09,NYC,0.0,6,2023
2023-06-10,NYC,0.0,6,2023
2023-06-11,NYC,0.0,6,2023
2023-06-12,NYC,0.0,6,2023
2023-06-13,NYC,0.15,6,2023
2023-06-14,NYC,0.0,6,2023
2023-06-15,NYC,0.4,6,2023
2023-06-16,NYC,0.0,6,2023
2023-06-17,NYC,0.36,6,2023
2023-06-18,NYC,0.08,6,2023
2023-06-19,NYC,0.0,6,2023
2023-06-20,NYC,0.0,6,2023
2023-06-21,NYC,0.0,6,2023
2023-06-22,NYC,0.0,6,2023
2023-06-23,NYC,0.05,6,2023
2023-06-24,NYC,0.0,6,2023
2023-06-25,NYC,0.0,6,2023
2023-06-26,NYC,0.51,6,2023
2023-06-27,NYC,0.27,6,2023
2023-06-28,NYC,0.53,6,2023
2023-06-29,NYC,0.02,6,2023
2023-06-30,NYC,0.02,6,2023
2023-07-01,NYC,0.0,7,2023
2023-07-02,NYC,0.06,7,2023
2023-07-03,NYC,0.0,7,2023
2023-07-04,NYC,0.62,7,2023
2023-07-05,NYC,0.0,7,2023
2023-07-06,NYC,0.0,7,2023
2023-07-07,NYC,0.0,7,2023
2023-07-08,NYC,0.0,7,2023
2023-07-09,NYC,0.53,7,2023
2023-07-10,NYC,,7,2023
2023-07-11,NYC,0.0,7,2023
2023-07-12,NYC,0.0,7,2023
2023-07-13,NYC,0.0,7,2023
2023-07-14,NYC,0.01,7,2023
2023-07-15,NYC,0.0,7,2023
2023-07-16,NYC,0.13,7,2023
2023-07-17,NYC,2.34,7,2023
2023-07-18,NYC,0.0,7,2023
2023-07-19,NYC,0.0,7,2023
2023-07-20,NYC,0.19,7,2023
2023-07-21,NYC,0.14,7,2023
2023-07-22,NYC,0.53,7,2023
2023-07-23,NYC,0.0,7,2023
2023-07-24,NYC,0.0,7,2023
2023-07-25,NYC,0.0,7,2023
2023-07-26,NYC,0.94,7,2023
2023-07-27,NYC,0.0,7,2023
2023-07-28,NYC,0.13,7,2023
2023-07-29,NYC,0.0,7,2023
2023-07-30,NYC,0.0,7,2023
2023-07-31,NYC,0.0,7,2023
2023-08-01,NYC,0.0,8,2023
2023-08-02,NYC,0.0,8,2023
2023-08-03,NYC,0.0,8,2023
2023-08-04,NYC,0.0,8,2023
2023-08-05,NYC,0.0,8,2023
2023-08-06,NYC,0.0,8,2023
2023-08-07,NYC,0.42,8,2023
2023-08-08,NYC,0.77,8,2023
2023-08-09,NYC,0.0,8,2023
2023-08-10,NYC,0.0,8,2023
2023-08-11,NYC,0.27,8,2023
2023-08-12,NYC,0.0,8,2023
2023-08-13,NYC,0.39,8,2023
2023-08-14,NYC,0.0,8,2023
2023-08-15,NYC,0.46,8,2023
2023-08-16,NYC,0.55,8,2023
2023-08-17,NYC,0.13,8,2023
2023-08-18,NYC,0.14,8,2023
2023-08-19,NYC,0.0,8,2023
2023-08-20,NYC,0.0,8,2023
2023-08-21,NYC,0.0,8,2023
2023-08-22,NYC,0.0,8,2023
2023-08-23,NYC,0.0,8,2023
2023-08-24,NYC,0.0,8,2023
2023-08-25,NYC,,8,2023
2023-08-26,NYC,0.08,8,2023
2023-08-27,NYC,0.0,8,2023
2023-08-28,NYC,0.0,8,2023
2023-08-29,NYC,0.0,8,2023
2023-08-30,NYC,0.03,8,2023
2023-08-31,NYC,0.17,8,2023
2023-09-01,NYC,0.0,9,2023
2023-09-02,NYC,0.0,9,2023
2023-09-03,NYC,0.0,9,2023
2023-09-04,NYC,0.0,9,2023
2023-09-05,NYC,0.0,9,2023
2023-09-06,NYC,0.0,9,2023
2023-09-07,NYC,0.0,9,2023
2023-09-08,NYC,0.01,9,2023
2023-09-09,NYC,0.64,9,2023
2023-09-10,NYC,0.16,9,2023
2023-09-11,NYC,0.27,9,2023
2023-09-12,NYC,0.25,9,2023
2023-09-13,NYC,0.32,9,2023
2023-09-14,NYC,0.47,9,2023
2023-09-15,NYC,0.0,9,2023
2023-09-16,NYC,0.0,9,2023
2023-09-17,NYC,0.0,9,2023
2023-09-18,NYC,0.38,9,2023
2023-09-19,NYC,1.02,9,2023
2023-09-20,NYC,0.0,9,2023
2023-09-21,NYC,0.0,9,2023
2023-09-22,NYC,0.0,9,2023
2023-09-23,NYC,0.08,9,2023
2023-09-24,NYC,1.49,9,2023
2023-09-25,NYC,0.18,9,2023
2023-09-26,NYC,0.66,9,2023
2023-09-27,NYC,0.12,9,2023
2023-09-28,NYC,0.38,9,2023
2023-09-29,NYC,1.47,9,2023
2023-09-30,NYC,2.2,9,2023
2023-10-01,NYC,,10,2023
2023-10-02,NYC,0.01,10,2023
2023-10-03,NYC,0.0,10,2023
2023-10-04,NYC,0.0,10,2023
2023-10-05,NYC,0.0,10,2023
2023-10-06,NYC,0.01,10,2023
2023-10-07,NYC,0.06,10,2023
2023-10-08,NYC,1.52,10,2023
2023-10-09,NYC,0.01,10,2023
2023-10-10,NYC,0.0,10,2023
2023-10-11,NYC,0.0,10,2023
2023-10-12,NYC,0.0,10,2023
2023-10-13,NYC,0.0,10,2023
2023-10-14,NYC,0.0,10,2023
2023-10-15,NYC,0.93,10,2023
2023-10-16,NYC,0.0,10,2023
2023-10-17,NYC,0.01,10,2023
2023-10-18,NYC,0.0,10,2023
2023-10-19,NYC,0.0,10,2023
2023-10-20,NYC,0.0,10,2023
2023-10-21,NYC,0.46,10,2023
2023-10-22,NYC,0.05,10,2023
2023-10-23,NYC,0.0,10,2023
2023-10-24,NYC,0.0,10,2023
2023-10-25,NYC,0.0,10,2023
2023-10-26,NYC,0.0,10,2023
2023-10-27,NYC,0.0,10,2023
2023-10-28,NYC,0.0,10,2023
2023-10-29,NYC,0.0,10,2023
2023-10-30,NYC,0.82,10,2023
2023-10-31,NYC,0.0,10,2023
2023-11-01,NYC,0.01,11,2023
2023-11-02,NYC,0.0,11,2023
2023-11-03,NYC,0.0,11,2023
2023-11-04,NYC,0.0,11,2023
2023-11-05,NYC,0.0,11,2023
2023-11-06,NYC,0.0,11,2023
2023-11-07,NYC,0.06,11,2023
2023-11-08,NYC,0.0,11,2023
2023-11-09,NYC,0.0,11,2023
2023-11-10,NYC,0.0,11,2023
2023-11-11,NYC,0.0,11,2023
2023-11-12,NYC,0.0,11,2023
2023-11-13,NYC,0.0,11,2023
2023-11-14,NYC,0.0,11,2023
2023-11-15,NYC,0.0,11,2023
2023-11-16,NYC,,11,2023
2023-11-17,NYC,0.0,11,2023
2023-11-18,NYC,0.04,11,2023
2023-11-19,NYC,0.0,11,2023
2023-11-20,NYC,0.0,11,2023
2023-11-21,NYC,0.3,11,2023
2023-11-22,NYC,1.33,11,2023
2023-11-23,NYC,0.0,11,2023
2023-11-24,NYC,0.0,11,2023
2023-11-25,NYC,0.0,11,2023
2023-11-26,NYC,0.16,11,2023
2023-11-27,NYC,0.97,11,2023
2023-11-28,NYC,0.0,11,2023
2023-11-29,NYC,0.0,11,2023
2023-11-30,NYC,0.0,11,2023
2023-12-01,NYC,0.41,12,2023
2023-12-02,NYC,0.61,12,2023
2023-12-03,NYC,0.49,12,2023
2023-12-04,NYC,0.84,12,2023
2023-12-05,NYC,0.0,12,2023
2023-12-06,NYC,0.0,12,2023
2023-12-07,NYC,0.0,12,2023
2023-12-08,NYC,0.0,12,2023
2023-12-09,NYC,0.0,12,2023
2023-12-10,NYC,0.0,12,2023
2023-12-11,NYC,2.55,12,2023
2023-12-12,NYC,0.08,12,2023
2023-12-13,NYC,0.0,12,2023
2023-12-14,NYC,0.0,12,2023
2023-12-15,NYC,0.0,12,2023
2023-12-16,NYC,0.0,12,2023
2023-12-17,NYC,0.26,12,2023
2023-12-18,NYC,3.24,12,2023
2023-12-19,NYC,0.28,12,2023
2023-12-20,NYC,0.0,12,2023
2023-12-21,NYC,0.0,12,2023
2023-12-22,NYC,0.0,12,2023
2023-12-23,NYC,0.0,12,2023
2023-12-24,NYC,0.03,12,2023
2023-12-25,NYC,0.0,12,2023
2023-12-26,NYC,0.0,12,2023
2023-12-27,NYC,0.0,12,2023
2023-12-28,NYC,2.16,12,2023
2023-12-29,NYC,0.0,12,2023
2023-12-30,NYC,0.0,12,2023
2023-12-31,NYC,0.01,12,2023
2020-01-01,SEA,0.19,1,2020
2020-01-02,SEA,0.34,1,2020
2020-01-03,SEA,0.26,1,2020
2020-01-04,SEA,0.2,1,2020
2020-01-05,SEA,0.14,1,2020
2020-01-06,SEA,0.18,1,2020
2020-01-07,SEA,0.49,1,2020
2020-01-08,SEA,0.05,1,2020
2020-01-09,SEA,0.08,1,2020
2020-01-10,SEA,0.15,1,2020
2020-01-11,SEA,0.45,1,2020
2020-01-12,SEA,0.72,1,2020
2020-01-13,SEA,0.11,1,2020
2020-01-14,SEA,0.1,1,2020
2020-01-15,SEA,0.01,1,2020
2020-01-16,SEA,0.05,1,2020
2020-01-17,SEA,0.0,1,2020
2020-01-18,SEA,0.52,1,2020
2020-01-19,SEA,0.09,1,2020
2020-01-20,SEA,0.08,1,2020
2020-01-21,SEA,0.24,1,2020
2020-01-22,SEA,0.79,1,2020
2020-01-23,SEA,0.43,1,2020
2020-01-24,SEA,0.89,1,2020
2020-01-25,SEA,0.4,1,2020
2020-01-26,SEA,0.29,1,2020
2020-01-27,SEA,0.09,1,2020
2020-01-28,SEA,0.98,1,2020
2020-01-29,SEA,0.15,1,2020
2020-01-30,SEA,0.24,1,2020
2020-01-31,SEA,0.29,1,2020
2020-02-01,SEA,1.23,2,2020
2020-02-02,SEA,0.21,2,2020
2020-02-03,SEA,0.06,2,2020
2020-02-04,SEA,0.01,2,2020
2020-02-05,SEA,0.68,2,2020
2020-02-06,SEA,0.83,2,2020
2020-02-07,SEA,0.58,2,2020
2020-02-08,SEA,0.04,2,2020
2020-02-09,SEA,0.03,2,2020
2020-02-10,SEA,0.0,2,2020
2020-02-11,SEA,0.0,2,2020
2020-02-12,SEA,0.0,2,2020
2020-02-13,SEA,0.01,2,2020
2020-02-14,SEA,0.17,2,2020
2020-02-15,SEA,0.1,2,2020
2020-02-16,SEA,0.23,2,2020
2020-02-17,SEA,0.07,2,2020
2020-02-18,SEA,0.0,2,2020
2020-02-19,SEA,0.0,2,2020
2020-02-20,SEA,0.02,2,2020
2020-02-21,SEA,,2,2020
2020-02-22,SEA,0.0,2,2020
2020-02-23,SEA,0.27,2,2020
2020-02-24,SEA,0.03,2,2020
2020-02-25,SEA,0.01,2,2020
2020-02-26,SEA,0.0,2,2020
2020-02-27,SEA,0.01,2,2020
2020-02-28,SEA,0.0,2,2020
2020-02-29,SEA,,2,2020
2020-03-01,SEA,0.02,3,2020
2020-03-02,SEA,,3,2020
2020-03-03,SEA,0.18,3,2020
2020-03-04,SEA,0.07,3,2020
2020-03-05,SEA,,3,2020
2020-03-06,SEA,0.77,3,2020
2020-03-07,SEA,0.14,3,2020
2020-03-08,SEA,0.13,3,2020
2020-03-09,SEA,0.02,3,2020
2020-03-10,SEA,0.0,3,2020
2020-03-11,SEA,0.03,3,2020
2020-03-12,SEA,0.02,3,2020
2020-03-13,SEA,0.1,3,2020
2020-03-14,SEA,0.24,3,2020
2020-03-15,SEA,0.0,3,2020
2020-03-16,SEA,0.0,3,2020
2020-03-17,SEA,0.0,3,2020
2020-03-18,SEA,0.0,3,2020
2020-03-19,SEA,0.0,3,2020
2020-03-20,SEA,0.0,3,2020
2020-03-21,SEA,0.0,3,2020
2020-03-22,SEA,,3,2020
2020-03-23,SEA,0.0,3,2020
2020-03-24,SEA,0.0,3,2020
2020-03-25,SEA,0.18,3,2020
2020-03-26,SEA,0.05,3,2020
2020-03-27,SEA,0.02,3,2020
2020-03-28,SEA,0.03,3,2020
2020-03-29,SEA,0.68,3,2020
2020-03-30,SEA,0.36,3,2020
2020-03-31,SEA,0.03,3,2020
2020-04-01,SEA,0.21,4,2020
2020-04-02,SEA,0.0,4,2020
2020-04-03,SEA,,4,2020
2020-04-04,SEA,0.0,4,2020
2020-04-05,SEA,0.0,4,2020
2020-04-06,SEA,0.0,4,2020
2020-04-07,SEA,0.0,4,2020
2020-04-08,SEA,0.0,4,2020
2020-04-09,SEA,0.0,4,2020
2020-04-10,SEA,0.0,4,2020
2020-04-11,SEA,0.0,4,2020
2020-04-12,SEA,0.0,4,2020
2020-04-13,SEA,0.0,4,2020
2020-04-14,SEA,0.0,4,2020
2020-04-15,SEA,0.0,4,2020
2020-04-16,SEA,0.0,4,2020
2020-04-17,SEA,0.0,4,2020
2020-04-18,SEA,0.0,4,2020
2020-04-19,SEA,0.0,4,2020
2020-04-20,SEA,0.0,4,2020
2020-04-21,SEA,0.0,4,2020
2020-04-22,SEA,0.02,4,2020
2020-04-23,SEA,0.69,4,2020
2020-04-24,SEA,0.03,4,2020
2020-04-25,SEA,0.0,4,2020
2020-04-26,SEA,0.25,4,2020
2020-04-27,SEA,0.24,4,2020
2020-04-28,SEA,0.02,4,2020
2020-04-29,SEA,0.0,4,2020
2020-04-30,SEA,0.02,4,2020
2020-05-01,SEA,0.0,5,2020
2020-05-02,SEA,0.06,5,2020
2020-05-03,SEA,0.24,5,2020
2020-05-04,SEA,0.05,5,2020
2020-05-05,SEA,0.0,5,2020
2020-05-06,SEA,0.01,5,2020
2020-05-07,SEA,0.0,5,2020
2020-05-08,SEA,0.0,5,2020
2020-05-09,SEA,0.0,5,2020
2020-05-10,SEA,0.0,5,2020
2020-05-11,SEA,0.0,5,2020
2020-05-12,SEA,0.06,5,2020
2020-05-13,SEA,0.01,5,2020
2020-05-14,SEA,0.11,5,2020
2020-05-15,SEA,0.07,5,2020
2020-05-16,SEA,0.03,5,2020
2020-05-17,SEA,0.65,5,2020
2020-05-18,SEA,0.0,5,2020
2020-05-19,SEA,0.0,5,2020
2020-05-20,SEA,0.0,5,2020
2020-05-21,SEA,0.13,5,2020
2020-05-22,SEA,0.13,5,2020
2020-05-23,SEA,0.1,5,2020
2020-05-24,SEA,0.0,5,2020
2020-05-25,SEA,0.07,5,2020
2020-05-26,SEA,0.16,5,2020
2020-05-27,SEA,0.02,5,2020
2020-05-28,SEA,0.0,5,2020
2020-05-29,SEA,0.0,5,2020
2020-05-30,SEA,,5,2020
2020-05-31,SEA,1.19,5,2020
2020-06-01,SEA,0.15,6,2020
2020-06-02,SEA,0.0,6,2020
2020-06-03,SEA,0.03,6,2020
2020-06-04,SEA,0.0,6,2020
2020-06-05,SEA,0.0,6,2020
2020-06-06,SEA,0.0,6,2020
2020-06-07,SEA,0.33,6,2020
2020-06-08,SEA,0.05,6,2020
2020-06-09,SEA,0.45,6,2020
2020-06-10,SEA,0.12,6,2020
2020-06-11,SEA,0.03,6,2020
2020-06-12,SEA,0.09,6,2020
2020-06-13,SEA,0.26,6,2020
2020-06-14,SEA,0.01,6,2020
2020-06-15,SEA,0.08,6,2020
2020-06-16,SEA,0.12,6,2020
2020-06-17,SEA,0.0,6,2020
2020-06-18,SEA,0.0,6,2020
2020-06-19,SEA,0.0,6,2020
2020-06-20,SEA,0.01,6,2020
2020-06-21,SEA,0.03,6,2020
2020-06-22,SEA,0.0,6,2020
2020-06-23,SEA,0.0,6,2020
2020-06-24,SEA,0.0,6,2020
2020-06-25,SEA,0.0,6,2020
2020-06-26,SEA,0.0,6,2020
2020-06-27,SEA,0.0,6,2020
2020-06-28,SEA,0.56,6,2020
2020-06-29,SEA,0.01,6,2020
2020-06-30,SEA,0.05,6,2020
2020-07-01,SEA,0.06,7,2020
2020-07-02,SEA,0.03,7,2020
2020-07-03,SEA,0.0,7,2020
2020-07-04,SEA,0.0,7,2020
2020-07-05,SEA,0.0,7,2020
2020-07-06,SEA,0.0,7,2020
2020-07-07,SEA,0.0,7,2020
2020-07-08,SEA,0.0,7,2020
2020-07-09,SEA,0.01,7,2020
2020-07-10,SEA,0.0,7,2020
2020-07-11,SEA,0.0,7,2020
2020-07-12,SEA,0.03,7,2020
2020-07-13,SEA,0.05,7,2020
2020-07-14,SEA,0.0,7,2020
2020-07-15,SEA,0.0,7,2020
2020-07-16,SEA,0.0,7,2020
2020-07-17,SEA,0.04,7,2020
2020-07-18,SEA,0.0,7,2020
2020-07-19,SEA,0.0,7,2020
2020-07-20,SEA,0.0,7,2020
2020-07-21,SEA,0.0,7,2020
2020-07-22,SEA,,7,2020
2020-07-23,SEA,0.0,7,2020
2020-07-24,SEA,0.0,7,2020
2020-07-25,SEA,0.0,7,2020
2020-07-26,SEA,0.0,7,2020
2020-07-27,SEA,0.0,7,2020
2020-07-28,SEA,0.0,7,2020
2020-07-29,SEA,0.0,7,2020
2020-07-30,SEA,0.0,7,2020
2020-07-31,SEA,0.0,7,2020
2020-08-01,SEA,0.0,8,2020
2020-08-02,SEA,0.0,8,2020
2020-08-03,SEA,0.0,8,2020
2020-08-04,SEA,0.0,8,2020
2020-08-05,SEA,0.0,8,2020
2020-08-06,SEA,0.05,8,2020
2020-08-07,SEA,0.28,8,2020
2020-08-08,SEA,0.03,8,2020
2020-08-09,SEA,0.0,8,2020
2020-08-10,SEA,0.0,8,2020
2020-08-11,SEA,0.0,8,2020
2020-08-12,SEA,0.0,8,2020
2020-08-13,SEA,0.0,8,2020
2020-08-14,SEA,,8,2020
2020-08-15,SEA,0.0,8,2020
2020-08-16,SEA,0.0,8,2020
2020-08-17,SEA,0.0,8,2020
2020-08-18,SEA,0.0,8,2020
2020-08-19,SEA,0.0,8,2020
2020-08-20,SEA,0.03,8,2020
2020-08-21,SEA,0.11,8,2020
2020-08-22,SEA,0.04,8,2020
2020-08-23,SEA,0.0,8,2020
2020-08-24,SEA,0.0,8,2020
2020-08-25,SEA,0.0,8,2020
2020-08-26,SEA,0.0,8,2020
2020-08-27,SEA,0.0,8,2020
2020-08-28,SEA,0.0,8,2020
2020-08-29,SEA,0.0,8,2020
2020-08-30,SEA,0.0,8,2020
2020-08-31,SEA,0.02,8,2020
2020-09-01,SEA,0.0,9,2020
2020-09-02,SEA,0.0,9,2020
2020-09-03,SEA,0.0,9,2020
2020-09-04,SEA,0.0,9,2020
2020-09-05,SEA,0.0,9,2020
2020-09-06,SEA,0.0,9,2020
2020-09-07,SEA,0.0,9,2020
2020-09-08,SEA,0.0,9,2020
2020-09-09,SEA,0.0,9,2020
2020-09-10,SEA,0.0,9,2020
2020-09-11,SEA,0.0,9,2020
2020-09-12,SEA,0.0,9,2020
2020-09-13,SEA,0.0,9,2020
2020-09-14,SEA,0.0,9,2020
2020-09-15,SEA,0.06,9,2020
2020-09-16,SEA,0.02,9,2020
2020-09-17,SEA,0.0,9,2020
2020-09-18,SEA,0.0,9,2020
2020-09-19,SEA,0.22,9,2020
2020-09-20,SEA,0.13,9,2020
2020-09-21,SEA,0.0,9,2020
2020-09-22,SEA,0.02,9,2020
2020-09-23,SEA,1.08,9,2020
2020-09-24,SEA,0.97,9,2020
2020-09-25,SEA,0.85,9,2020
2020-09-26,SEA,0.81,9,2020
2020-09-27,SEA,0.04,9,2020
2020-09-28,SEA,,9,2020
2020-09-29,SEA,0.0,9,2020
2020-09-30,SEA,0.0,9,2020
2020-10-01,SEA,0.0,10,2020
2020-10-02,SEA,0.0,10,2020
2020-10-03,SEA,0.0,10,2020
2020-10-04,SEA,0.0,10,2020
2020-10-05,SEA,0.02,10,2020
2020-10-06,SEA,0.0,10,2020
2020-10-07,SEA,0.0,10,2020
2020-10-08,SEA,0.01,10,2020
2020-10-09,SEA,0.0,10,2020
2020-10-10,SEA,0.95,10,2020
2020-10-11,SEA,0.01,10,2020
2020-10-12,SEA,0.57,10,2020
2020-10-13,SEA,,10,2020
2020-10-14,SEA,0.11,10,2020
2020-10-15,SEA,0.0,10,2020
2020-10-16,SEA,0.0,10,2020
2020-10-17,SEA,0.14,10,2020
2020-10-18,SEA,0.01,10,2020
2020-10-19,SEA,0.02,10,2020
2020-10-20,SEA,0.04,10,2020
2020-10-21,SEA,0.05,10,2020
2020-10-22,SEA,0.43,10,2020
2020-10-23,SEA,0.03,10,2020
2020-10-24,SEA,0.17,10,2020
2020-10-25,SEA,0.0,10,2020
2020-10-26,SEA,0.0,10,2020
2020-10-27,SEA,0.0,10,2020
2020-10-28,SEA,0.0,10,2020
2020-10-29,SEA,0.03,10,2020
2020-10-30,SEA,0.01,10,2020
2020-10-31,SEA,0.0,10,2020
2020-11-01,SEA,0.0,11,2020
2020-11-02,SEA,0.0,11,2020
2020-11-03,SEA,0.12,11,2020
2020-11-04,SEA,0.64,11,2020
2020-11-05,SEA,0.32,11,2020
2020-11-06,SEA,0.15,11,2020
2020-11-07,SEA,0.0,11,2020
2020-11-08,SEA,0.0,11,2020
2020-11-09,SEA,0.0,11,2020
2020-11-10,SEA,0.04,11,2020
2020-11-11,SEA,0.01,11,2020
2020-11-12,SEA,0.01,11,2020
2020-11-13,SEA,1.07,11,2020
2020-11-14,SEA,0.0,11,2020
2020-11-15,SEA,0.42,11,2020
2020-11-16,SEA,0.03,11,2020
2020-11-17,SEA,0.75,11,2020
2020-11-18,SEA,0.89,11,2020
2020-11-19,SEA,0.24,11,2020
2020-11-20,SEA,0.08,11,2020
2020-11-21,SEA,0.04,11,2020
2020-11-22,SEA,0.11,11,2020
2020-11-23,SEA,0.12,11,2020
2020-11-24,SEA,0.02,11,2020
2020-11-25,SEA,0.45,11,2020
2020-11-26,SEA,0.02,11,2020
2020-11-27,SEA,0.06,11,2020
2020-11-28,SEA,0.09,11,2020
2020-11-29,SEA,0.05,11,2020
2020-11-30,SEA,0.47,11,2020
2020-12-01,SEA,0.0,12,2020
2020-12-02,SEA,0.0,12,2020
2020-12-03,SEA,0.0,12,2020
2020-12-04,SEA,0.0,12,2020
2020-12-05,SEA,0.0,12,2020
2020-12-06,SEA,0.02,12,2020
2020-12-07,SEA,0.0,12,2020
2020-12-08,SEA,0.04,12,2020
2020-12-09,SEA,0.6,12,2020
2020-12-10,SEA,0.03,12,2020
2020-12-11,SEA,0.03,12,2020
2020-12-12,SEA,,12,2020
2020-12-13,SEA,0.1,12,2020
2020-12-14,SEA,0.1,12,2020
2020-12-15,SEA,0.42,12,2020
2020-12-16,SEA,,12,2020
2020-12-17,SEA,0.52,12,2020
2020-12-18,SEA,0.12,12,2020
2020-12-19,SEA,0.46,12,2020
2020-12-20,SEA,0.35,12,2020
2020-12-21,SEA,0.4,12,2020
2020-12-22,SEA,1.72,12,2020
2020-12-23,SEA,0.0,12,2020
2020-12-24,SEA,0.0,12,2020
2020-12-25,SEA,0.0,12,2020
2020-12-26,SEA,0.11,12,2020
2020-12-27,SEA,0.11,12,2020
2020-12-28,SEA,0.07,12,2020
2020-12-29,SEA,,12,2020
2020-12-30,SEA,0.52,12,2020
2020-12-31,SEA,0.41,12,2020
2021-01-01,SEA,0.1,1,2021
2021-01-02,SEA,0.31,1,2021
2021-01-03,SEA,0.44,1,2021
2021-01-04,SEA,0.61,1,2021
2021-01-05,SEA,0.35,1,2021
2021-01-06,SEA,1.11,1,2021
2021-01-07,SEA,0.02,1,2021
2021-01-08,SEA,0.09,1,2021
2021-01-09,SEA,0.0,1,2021
2021-01-10,SEA,0.11,1,2021
2021-01-11,SEA,0.01,1,2021
2021-01-12,SEA,1.82,1,2021
2021-01-13,SEA,1.07,1,2021
2021-01-14,SEA,0.01,1,2021
2021-01-15,SEA,0.23,1,2021
2021-01-16,SEA,0.02,1,2021
2021-01-17,SEA,0.01,1,2021
2021-01-18,SEA,0.0,1,2021
2021-01-19,SEA,0.0,1,2021
2021-01-20,SEA,0.0,1,2021
2021-01-21,SEA,0.03,1,2021
2021-01-22,SEA,0.02,1,2021
2021-01-23,SEA,,1,2021
2021-01-24,SEA,0.18,1,2021
2021-01-25,SEA,0.22,1,2021
2021-01-26,SEA,0.02,1,2021
2021-01-27,SEA,0.08,1,2021
2021-01-28,SEA,0.21,1,2021
2021-01-29,SEA,0.14,1,2021
2021-01-30,SEA,0.14,1,2021
2021-01-31,SEA,0.18,1,2021
2021-02-01,SEA,,2,2021
2021-02-02,SEA,0.73,2,2021
2021-02-03,SEA,0.61,2,2021
2021-02-04,SEA,0.0,2,2021
2021-02-05,SEA,0.04,2,2021
2021-02-06,SEA,0.01,2,2021
2021-02-07,SEA,,2,2021
2021-02-08,SEA,0.18,2,2021
2021-02-09,SEA,0.02,2,2021
2021-02-10,SEA,0.0,2,2021
2021-02-11,SEA,0.0,2,2021
2021-02-12,SEA,0.1,2,2021
2021-02-13,SEA,,2,2021
2021-02-14,SEA,0.38,2,2021
2021-02-15,SEA,0.41,2,2021
2021-02-16,SEA,0.12,2,2021
2021-02-17,SEA,0.05,2,2021
2021-02-18,SEA,0.06,2,2021
2021-02-19,SEA,0.08,2,2021
2021-02-20,SEA,0.0,2,2021
2021-02-21,SEA,0.32,2,2021
2021-02-22,SEA,0.15,2,2021
2021-02-23,SEA,0.15,2,2021
2021-02-24,SEA,0.28,2,2021
2021-02-25,SEA,0.24,2,2021
2021-02-26,SEA,0.14,2,2021
2021-02-27,SEA,0.1,2,2021
2021-02-28,SEA,0.04,2,2021
2021-03-01,SEA,0.0,3,2021
2021-03-02,SEA,0.0,3,2021
2021-03-03,SEA,0.02,3,2021
2021-03-04,SEA,0.0,3,2021
2021-03-05,SEA,0.42,3,2021
2021-03-06,SEA,0.01,3,2021
2021-03-07,SEA,0.14,3,2021
2021-03-08,SEA,0.29,3,2021
2021-03-09,SEA,0.0,3,2021
2021-03-10,SEA,0.0,3,2021
2021-03-11,SEA,0.0,3,2021
2021-03-12,SEA,0.0,3,2021
2021-03-13,SEA,0.0,3,2021
2021-03-14,SEA,0.0,3,2021
2021-03-15,SEA,0.37,3,2021
2021-03-16,SEA,0.01,3,2021
2021-03-17,SEA,0.0,3,2021
2021-03-18,SEA,0.0,3,2021
2021-03-19,SEA,0.29,3,2021
2021-03-20,SEA,0.24,3,2021
2021-03-21,SEA,0.35,3,2021
2021-03-22,SEA,0.15,3,2021
2021-03-23,SEA,0.16,3,2021
2021-03-24,SEA,0.0,3,2021
2021-03-25,SEA,0.55,3,2021
2021-03-26,SEA,,3,2021
2021-03-27,SEA,0.0,3,2021
2021-03-28,SEA,,3,2021
2021-03-29,SEA,0.0,3,2021
2021-03-30,SEA,0.0,3,2021
2021-03-31,SEA,0.0,3,2021
2021-04-01,SEA,0.0,4,2021
2021-04-02,SEA,0.0,4,2021
2021-04-03,SEA,0.0,4,2021
2021-04-04,SEA,0.08,4,2021
2021-04-05,SEA,,4,2021
2021-04-06,SEA,0.0,4,2021
2021-04-07,SEA,0.0,4,2021
2021-04-08,SEA,0.02,4,2021
2021-04-09,SEA,0.0,4,2021
2021-04-10,SEA,0.05,4,2021
2021-04-11,SEA,0.0,4,2021
2021-04-12,SEA,0.0,4,2021
2021-04-13,SEA,0.0,4,2021
2021-04-14,SEA,0.0,4,2021
2021-04-15,SEA,0.0,4,2021
2021-04-16,SEA,0.0,4,2021
2021-04-17,SEA,0.0,4,2021
2021-04-18,SEA,0.0,4,2021
2021-04-19,SEA,0.0,4,2021
2021-04-20,SEA,0.0,4,2021
2021-04-21,SEA,0.0,4,2021
2021-04-22,SEA,0.0,4,2021
2021-04-23,SEA,0.0,4,2021
2021-04-24,SEA,0.51,4,2021
2021-04-25,SEA,0.5,4,2021
2021-04-26,SEA,0.0,4,2021
2021-04-27,SEA,0.01,4,2021
2021-04-28,SEA,0.0,4,2021
2021-04-29,SEA,0.0,4,2021
2021-04-30,SEA,0.01,4,2021
2021-05-01,SEA,0.04,5,2021
2021-05-02,SEA,0.0,5,2021
2021-05-03,SEA,0.0,5,2021
2021-05-04,SEA,0.19,5,2021
2021-05-05,SEA,0.0,5,2021
2021-05-06,SEA,0.0,5,2021
2021-05-07,SEA,0.0,5,2021
2021-05-08,SEA,0.17,5,2021
2021-05-09,SEA,0.01,5,2021
2021-05-10,SEA,0.0,5,2021
2021-05-11,SEA,0.0,5,2021
2021-05-12,SEA,0.0,5,2021
2021-05-13,SEA,0.0,5,2021
2021-05-14,SEA,0.0,5,2021
2021-05-15,SEA,0.0,5,2021
2021-05-16,SEA,0.0,5,2021
2021-05-17,SEA,0.0,5,2021
2021-05-18,SEA,,5,2021
2021-05-19,SEA,0.12,5,2021
2021-05-20,SEA,0.0,5,2021
2021-05-21,SEA,0.0,5,2021
2021-05-22,SEA,0.0,5,2021
2021-05-23,SEA,0.0,5,2021
2021-05-24,SEA,0.07,5,2021
2021-05-25,SEA,0.05,5,2021
2021-05-26,SEA,0.0,5,2021
2021-05-27,SEA,0.17,5,2021
2021-05-28,SEA,0.19,5,2021
2021-05-29,SEA,0.0,5,2021
2021-05-30,SEA,0.0,5,2021
2021-05-31,SEA,0.0,5,2021
2021-06-01,SEA,0.0,6,2021
2021-06-02,SEA,0.0,6,2021
2021-06-03,SEA,0.0,6,2021
2021-06-04,SEA,0.0,6,2021
2021-06-05,SEA,0.0,6,2021
2021-06-06,SEA,0.0,6,2021
2021-06-07,SEA,0.11,6,2021
2021-06-08,SEA,0.0,6,2021
2021-06-09,SEA,0.0,6,2021
2021-06-10,SEA,0.0,6,2021
2021-06-11,SEA,0.0,6,2021
2021-06-12,SEA,0.41,6,2021
2021-06-13,SEA,0.33,6,2021
2021-06-14,SEA,0.64,6,2021
2021-06-15,SEA,0.07,6,2021
2021-06-16,SEA,0.0,6,2021
2021-06-17,SEA,0.0,6,2021
2021-06-18,SEA,0.0,6,2021
2021-06-19,SEA,0.0,6,2021
2021-06-20,SEA,0.0,6,2021
2021-06-21,SEA,0.0,6,2021
2021-06-22,SEA,0.0,6,2021
2021-06-23,SEA,0.0,6,2021
2021-06-24,SEA,0.0,6,2021
2021-06-25,SEA,0.0,6,2021
2021-06-26,SEA,0.0,6,2021
2021-06-27,SEA,0.0,6,2021
2021-06-28,SEA,0.0,6,2021
2021-06-29,SEA,0.0,6,2021
2021-06-30,SEA,0.0,6,2021
2021-07-01,SEA,0.0,7,2021
2021-07-02,SEA,0.0,7,2021
2021-07-03,SEA,0.0,7,2021
2021-07-04,SEA,0.0,7,2021
2021-07-05,SEA,0.0,7,2021
2021-07-06,SEA,0.0,7,2021
2021-07-07,SEA,0.0,7,2021
2021-07-08,SEA,0.0,7,2021
2021-07-09,SEA,0.8,7,2021
2021-07-10,SEA,0.0,7,2021
2021-07-11,SEA,0.0,7,2021
2021-07-12,SEA,,7,2021
2021-07-13,SEA,0.0,7,2021
2021-07-14,SEA,0.0,7,2021
2021-07-15,SEA,0.0,7,2021
2021-07-16,SEA,,7,2021
2021-07-17,SEA,0.0,7,2021
2021-07-18,SEA,0.0,7,2021
2021-07-19,SEA,0.0,7,2021
2021-07-20,SEA,0.0,7,2021
2021-07-21,SEA,0.07,7,2021
2021-07-22,SEA,0.0,7,2021
2021-07-23,SEA,0.0,7,2021
2021-07-24,SEA,0.0,7,2021
2021-07-25,SEA,0.0,7,2021
2021-07-26,SEA,0.0,7,2021
2021-07-27,SEA,0.0,7,2021
2021-07-28,SEA,0.0,7,2021
2021-07-29,SEA,0.0,7,2021
2021-07-30,SEA,0.0,7,2021
2021-07-31,SEA,0.0,7,2021
2021-08-01,SEA,0.0,8,2021
2021-08-02,SEA,,8,2021
2021-08-03,SEA,0.0,8,2021
2021-08-04,SEA,0.02,8,2021
2021-08-05,SEA,,8,2021
2021-08-06,SEA,0.08,8,2021
2021-08-07,SEA,0.02,8,2021
2021-08-08,SEA,0.04,8,2021
2021-08-09,SEA,0.0,8,2021
2021-08-10,SEA,0.0,8,2021
2021-08-11,SEA,0.0,8,2021
2021-08-12,SEA,0.0,8,2021
2021-08-13,SEA,0.0,8,2021
2021-08-14,SEA,0.0,8,2021
2021-08-15,SEA,0.0,8,2021
2021-08-16,SEA,0.0,8,2021
2021-08-17,SEA,,8,2021
2021-08-18,SEA,0.0,8,2021
2021-08-19,SEA,0.0,8,2021
2021-08-20,SEA,0.0,8,2021
2021-08-21,SEA,0.0,8,2021
2021-08-22,SEA,0.0,8,2021
2021-08-23,SEA,0.0,8,2021
2021-08-24,SEA,0.0,8,2021
2021-08-25,SEA,0.0,8,2021
2021-08-26,SEA,,8,2021
2021-08-27,SEA,0.11,8,2021
2021-08-28,SEA,0.0,8,2021
2021-08-29,SEA,0.0,8,2021
2021-08-30,SEA,,8,2021
2021-08-31,SEA,0.02,8,2021
2021-09-01,SEA,0.0,9,2021
2021-09-02,SEA,0.0,9,2021
2021-09-03,SEA,0.0,9,2021
2021-09-04,SEA,,9,2021
2021-09-05,SEA,0.0,9,2021
2021-09-06,SEA,0.0,9,2021
2021-09-07,SEA,,9,2021
2021-09-08,SEA,0.01,9,2021
2021-09-09,SEA,0.0,9,2021
2021-09-10,SEA,0.0,9,2021
2021-09-11,SEA,0.0,9,2021
2021-09-12,SEA,0.02,9,2021
2021-09-13,SEA,0.02,9,2021
2021-09-14,SEA,0.0,9,2021
2021-09-15,SEA,0.0,9,2021
2021-09-16,SEA,0.0,9,2021
2021-09-17,SEA,0.58,9,2021
2021-09-18,SEA,0.71,9,2021
2021-09-19,SEA,0.36,9,2021
2021-09-20,SEA,0.23,9,2021
2021-09-21,SEA,0.0,9,2021
2021-09-22,SEA,0.0,9,2021
2021-09-23,SEA,0.0,9,2021
2021-09-24,SEA,0.0,9,2021
2021-09-25,SEA,0.0,9,2021
2021-09-26,SEA,0.0,9,2021
2021-09-27,SEA,0.99,9,2021
2021-09-28,SEA,0.55,9,2021
2021-09-29,SEA,0.03,9,2021
2021-09-30,SEA,0.23,9,2021
2021-10-01,SEA,0.0,10,2021
2021-10-02,SEA,0.0,10,2021
2021-10-03,SEA,0.02,10,2021
2021-10-04,SEA,0.0,10,2021
2021-10-05,SEA,0.09,10,2021
2021-10-06,SEA,0.19,10,2021
2021-10-07,SEA,0.0,10,2021
2021-10-08,SEA,0.0,10,2021
2021-10-09,SEA,0.0,10,2021
2021-10-10,SEA,0.37,10,2021
2021-10-11,SEA,0.06,10,2021
2021-10-12,SEA,0.07,10,2021
2021-10-13,SEA,0.06,10,2021
2021-10-14,SEA,0.03,10,2021
2021-10-15,SEA,0.02,10,2021
2021-10-16,SEA,0.04,10,2021
2021-10-17,SEA,0.0,10,2021
2021-10-18,SEA,,10,2021
2021-10-19,SEA,0.0,10,2021
2021-10-20,SEA,0.21,10,2021
2021-10-21,SEA,0.54,10,2021
2021-10-22,SEA,0.68,10,2021
2021-10-23,SEA,0.02,10,2021
2021-10-24,SEA,0.03,10,2021
2021-10-25,SEA,0.32,10,2021
2021-10-26,SEA,0.15,10,2021
2021-10-27,SEA,0.23,10,2021
2021-10-28,SEA,0.52,10,2021
2021-10-29,SEA,1.91,10,2021
2021-10-30,SEA,0.09,10,2021
2021-10-31,SEA,0.0,10,2021
2021-11-01,SEA,0.0,11,2021
2021-11-02,SEA,0.13,11,2021
2021-11-03,SEA,0.18,11,2021
2021-11-04,SEA,0.53,11,2021
2021-11-05,SEA,0.69,11,2021
2021-11-06,SEA,0.01,11,2021
2021-11-07,SEA,0.68,11,2021
2021-11-08,SEA,0.24,11,2021
2021-11-09,SEA,0.24,11,2021
2021-11-10,SEA,0.24,11,2021
2021-11-11,SEA,0.14,11,2021
2021-11-12,SEA,0.68,11,2021
2021-11-13,SEA,0.4,11,2021
2021-11-14,SEA,0.59,11,2021
2021-11-15,SEA,0.59,11,2021
2021-11-16,SEA,0.3,11,2021
2021-11-17,SEA,0.0,11,2021
2021-11-18,SEA,0.0,11,2021
2021-11-19,SEA,0.52,11,2021
2021-11-20,SEA,0.02,11,2021
2021-11-21,SEA,0.0,11,2021
2021-11-22,SEA,0.0,11,2021
2021-11-23,SEA,0.62,11,2021
2021-11-24,SEA,0.02,11,2021
2021-11-25,SEA,0.27,11,2021
2021-11-26,SEA,0.55,11,2021
2021-11-27,SEA,0.04,11,2021
2021-11-28,SEA,0.32,11,2021
2021-11-29,SEA,0.0,11,2021
2021-11-30,SEA,0.06,11,2021
2021-12-01,SEA,0.06,12,2021
2021-12-02,SEA,0.11,12,2021
2021-12-03,SEA,0.1,12,2021
2021-12-04,SEA,0.16,12,2021
2021-12-05,SEA,0.34,12,2021
2021-12-06,SEA,0.02,12,2021
2021-12-07,SEA,0.15,12,2021
2021-12-08,SEA,0.03,12,2021
2021-12-09,SEA,0.0,12,2021
2021-12-10,SEA,0.01,12,2021
2021-12-11,SEA,0.48,12,2021
2021-12-12,SEA,0.09,12,2021
2021-12-13,SEA,0.39,12,2021
2021-12-14,SEA,0.06,12,2021
2021-12-15,SEA,0.13,12,2021
2021-12-16,SEA,0.11,12,2021
2021-12-17,SEA,0.04,12,2021
2021-12-18,SEA,0.54,12,2021
2021-12-19,SEA,0.0,12,2021
2021-12-20,SEA,0.02,12,2021
2021-12-21,SEA,0.0,12,2021
2021-12-22,SEA,0.4,12,2021
2021-12-23,SEA,0.16,12,2021
2021-12-24,SEA,0.16,12,2021
2021-12-25,SEA,0.22,12,2021
2021-12-26,SEA,0.35,12,2021
2021-12-27,SEA,0.11,12,2021
2021-12-28,SEA,0.05,12,2021
2021-12-29,SEA,0.0,12,2021
2021-12-30,SEA,,12,2021
2021-12-31,SEA,0.0,12,2021
2022-01-01,SEA,0.0,1,2022
2022-01-02,SEA,0.79,1,2022
2022-01-03,SEA,1.97,1,2022
2022-01-04,SEA,0.28,1,2022
2022-01-05,SEA,0.09,1,2022
2022-01-06,SEA,2.0,1,2022
2022-01-07,SEA,1.9,1,2022
2022-01-08,SEA,0.42,1,2022
2022-01-09,SEA,0.0,1,2022
2022-01-10,SEA,0.27,1,2022
2022-01-11,SEA,0.7,1,2022
2022-01-12,SEA,0.68,1,2022
2022-01-13,SEA,0.24,1,2022
2022-01-14,SEA,0.02,1,2022
2022-01-15,SEA,0.0,1,2022
2022-01-16,SEA,,1,2022
2022-01-17,SEA,0.01,1,2022
2022-01-18,SEA,,1,2022
2022-01-19,SEA,0.04,1,2022
2022-01-20,SEA,0.05,1,2022
2022-01-21,SEA,0.21,1,2022
2022-01-22,SEA,0.0,1,2022
2022-01-23,SEA,0.0,1,2022
2022-01-24,SEA,0.0,1,2022
2022-01-25,SEA,0.0,1,2022
2022-01-26,SEA,0.0,1,2022
2022-01-27,SEA,0.0,1,2022
2022-01-28,SEA,0.0,1,2022
2022-01-29,SEA,0.0,1,2022
2022-01-30,SEA,0.01,1,2022
2022-01-31,SEA,,1,2022
2022-02-01,SEA,0.0,2,2022
2022-02-02,SEA,0.03,2,2022
2022-02-03,SEA,0.09,2,2022
2022-02-04,SEA,0.03,2,2022
2022-02-05,SEA,0.01,2,2022
2022-02-06,SEA,0.0,2,2022
2022-02-07,SEA,0.0,2,2022
2022-02-08,SEA,,2,2022
2022-02-09,SEA,0.02,2,2022
2022-02-10,SEA,0.02,2,2022
2022-02-11,SEA,,2,2022
2022-02-12,SEA,0.0,2,2022
2022-02-13,SEA,0.0,2,2022
2022-02-14,SEA,0.08,2,2022
2022-02-15,SEA,0.06,2,2022
2022-02-16,SEA,0.0,2,2022
2022-02-17,SEA,0.0,2,2022
2022-02-18,SEA,0.0,2,2022
2022-02-19,SEA,0.01,2,2022
2022-02-20,SEA,0.04,2,2022
2022-02-21,SEA,0.24,2,2022
2022-02-22,SEA,0.0,2,2022
2022-02-23,SEA,0.0,2,2022
2022-02-24,SEA,0.0,2,2022
2022-02-25,SEA,0.0,2,2022
2022-02-26,SEA,0.36,2,2022
2022-02-27,SEA,0.52,2,2022
2022-02-28,SEA,1.6,2,2022
2022-03-01,SEA,0.82,3,2022
2022-03-02,SEA,0.25,3,2022
2022-03-03,SEA,0.32,3,2022
2022-03-04,SEA,0.02,3,2022
2022-03-05,SEA,0.03,3,2022
2022-03-06,SEA,0.0,3,2022
2022-03-07,SEA,,3,2022
2022-03-08,SEA,0.08,3,2022
2022-03-09,SEA,0.0,3,2022
2022-03-10,SEA,0.0,3,2022
2022-03-11,SEA,0.02,3,2022
2022-03-12,SEA,0.0,3,2022
2022-03-13,SEA,0.02,3,2022
2022-03-14,SEA,0.0,3,2022
2022-03-15,SEA,0.16,3,2022
2022-03-16,SEA,0.01,3,2022
2022-03-17,SEA,0.0,3,2022
2022-03-18,SEA,0.09,3,2022
2022-03-19,SEA,0.57,3,2022
2022-03-20,SEA,0.25,3,2022
2022-03-21,SEA,0.41,3,2022
2022-03-22,SEA,0.02,3,2022
2022-03-23,SEA,0.03,3,2022
2022-03-24,SEA,0.27,3,2022
2022-03-25,SEA,0.0,3,2022
2022-03-26,SEA,0.0,3,2022
2022-03-27,SEA,0.04,3,2022
2022-03-28,SEA,0.0,3,2022
2022-03-29,SEA,0.0,3,2022
2022-03-30,SEA,0.0,3,2022
2022-03-31,SEA,0.16,3,2022
2022-04-01,SEA,0.0,4,2022
2022-04-02,SEA,0.1,4,2022
2022-04-03,SEA,0.0,4,2022
2022-04-04,SEA,0.88,4,2022
2022-04-05,SEA,0.08,4,2022
2022-04-06,SEA,0.0,4,2022
2022-04-07,SEA,0.0,4,2022
2022-04-08,SEA,0.06,4,2022
2022-04-09,SEA,0.12,4,2022
2022-04-10,SEA,0.39,4,2022
2022-04-11,SEA,0.02,4,2022
2022-04-12,SEA,0.0,4,2022
2022-04-13,SEA,0.0,4,2022
2022-04-14,SEA,0.13,4,2022
2022-04-15,SEA,0.01,4,2022
2022-04-16,SEA,0.0,4,2022
2022-04-17,SEA,0.0,4,2022
2022-04-18,SEA,0.23,4,2022
2022-04-19,SEA,0.32,4,2022
2022-04-20,SEA,0.01,4,2022
2022-04-21,SEA,0.18,4,2022
2022-04-22,SEA,0.14,4,2022
2022-04-23,SEA,0.02,4,2022
2022-04-24,SEA,0.0,4,2022
2022-04-25,SEA,0.0,4,2022
2022-04-26,SEA,0.05,4,2022
2022-04-27,SEA,0.0,4,2022
2022-04-28,SEA,0.02,4,2022
2022-04-29,SEA,0.0,4,2022
2022-04-30,SEA,0.36,4,2022
2022-05-01,SEA,0.0,5,2022
2022-05-02,SEA,0.3,5,2022
2022-05-03,SEA,0.16,5,2022
2022-05-04,SEA,0.01,5,2022
2022-05-05,SEA,0.13,5,2022
2022-05-06,SEA,0.45,5,2022
2022-05-07,SEA,0.49,5,2022
2022-05-08,SEA,0.02,5,2022
2022-05-09,SEA,0.05,5,2022
2022-05-10,SEA,0.03,5,2022
2022-05-11,SEA,0.02,5,2022
2022-05-12,SEA,0.05,5,2022
2022-05-13,SEA,0.0,5,2022
2022-05-14,SEA,0.11,5,2022
2022-05-15,SEA,0.07,5,2022
2022-05-16,SEA,0.66,5,2022
2022-05-17,SEA,0.0,5,2022
2022-05-18,SEA,0.1,5,2022
2022-05-19,SEA,0.17,5,2022
2022-05-20,SEA,,5,2022
2022-05-21,SEA,0.0,5,2022
2022-05-22,SEA,0.0,5,2022
2022-05-23,SEA,0.0,5,2022
2022-05-24,SEA,0.0,5,2022
2022-05-25,SEA,0.03,5,2022
2022-05-26,SEA,0.0,5,2022
2022-05-27,SEA,0.14,5,2022
2022-05-28,SEA,0.03,5,2022
2022-05-29,SEA,0.34,5,2022
2022-05-30,SEA,0.81,5,2022
2022-05-31,SEA,0.0,5,2022
2022-06-01,SEA,0.0,6,2022
2022-06-02,SEA,0.09,6,2022
2022-06-03,SEA,0.21,6,2022
2022-06-04,SEA,0.11,6,2022
2022-06-05,SEA,2.22,6,2022
2022-06-06,SEA,0.0,6,2022
2022-06-07,SEA,0.0,6,2022
2022-06-08,SEA,0.01,6,2022
2022-06-09,SEA,0.08,6,2022
2022-06-10,SEA,,6,2022
2022-06-11,SEA,0.13,6,2022
2022-06-12,SEA,0.0,6,2022
2022-06-13,SEA,0.25,6,2022
2022-06-14,SEA,0.22,6,2022
2022-06-15,SEA,0.0,6,2022
2022-06-16,SEA,0.01,6,2022
2022-06-17,SEA,0.01,6,2022
2022-06-18,SEA,0.14,6,2022
2022-06-19,SEA,0.12,6,2022
2022-06-20,SEA,0.0,6,2022
2022-06-21,SEA,0.0,6,2022
2022-06-22,SEA,0.0,6,2022
2022-06-23,SEA,0.02,6,2022
2022-06-24,SEA,0.0,6,2022
2022-06-25,SEA,0.0,6,2022
2022-06-26,SEA,0.0,6,2022
2022-06-27,SEA,0.0,6,2022
2022-06-28,SEA,0.0,6,2022
2022-06-29,SEA,0.0,6,2022
2022-06-30,SEA,0.0,6,2022
2022-07-01,SEA,0.0,7,2022
2022-07-02,SEA,0.0,7,2022
2022-07-03,SEA,0.02,7,2022
2022-07-04,SEA,0.08,7,2022
2022-07-05,SEA,0.05,7,2022
2022-07-06,SEA,0.05,7,2022
2022-07-07,SEA,0.06,7,2022
2022-07-08,SEA,0.0,7,2022
2022-07-09,SEA,0.0,7,2022
2022-07-10,SEA,0.0,7,2022
2022-07-11,SEA,0.0,7,2022
2022-07-12,SEA,0.0,7,2022
2022-07-13,SEA,0.0,7,2022
2022-07-14,SEA,0.0,7,2022
2022-07-15,SEA,0.0,7,2022
2022-07-16,SEA,0.0,7,2022
2022-07-17,SEA,0.0,7,2022
2022-07-18,SEA,0.02,7,2022
2022-07-19,SEA,0.0,7,2022
2022-07-20,SEA,0.0,7,2022
2022-07-21,SEA,0.0,7,2022
2022-07-22,SEA,0.0,7,2022
2022-07-23,SEA,0.0,7,2022
2022-07-24,SEA,0.0,7,2022
2022-07-25,SEA,0.0,7,2022
2022-07-26,SEA,0.0,7,2022
2022-07-27,SEA,0.0,7,2022
2022-07-28,SEA,0.0,7,2022
2022-07-29,SEA,0.0,7,2022
2022-07-30,SEA,,7,2022
2022-07-31,SEA,0.0,7,2022
2022-08-01,SEA,0.0,8,2022
2022-08-02,SEA,0.0,8,2022
2022-08-03,SEA,0.0,8,2022
2022-08-04,SEA,0.0,8,2022
2022-08-05,SEA,0.0,8,2022
2022-08-06,SEA,0.0,8,2022
2022-08-07,SEA,0.0,8,2022
2022-08-08,SEA,0.0,8,2022
2022-08-09,SEA,0.0,8,2022
2022-08-10,SEA,0.03,8,2022
2022-08-11,SEA,0.0,8,2022
2022-08-12,SEA,0.0,8,2022
2022-08-13,SEA,0.0,8,2022
2022-08-14,SEA,0.0,8,2022
2022-08-15,SEA,0.0,8,2022
2022-08-16,SEA,0.0,8,2022
2022-08-17,SEA,0.0,8,2022
2022-08-18,SEA,0.0,8,2022
2022-08-19,SEA,0.0,8,2022
2022-08-20,SEA,0.03,8,2022
2022-08-21,SEA,0.0,8,2022
2022-08-22,SEA,0.0,8,2022
2022-08-23,SEA,0.0,8,2022
2022-08-24,SEA,0.0,8,2022
2022-08-25,SEA,0.0,8,2022
2022-08-26,SEA,0.0,8,2022
2022-08-27,SEA,0.0,8,2022
2022-08-28,SEA,0.0,8,2022
2022-08-29,SEA,0.0,8,2022
2022-08-30,SEA,0.0,8,2022
2022-08-31,SEA,0.0,8,2022
2022-09-01,SEA,0.0,9,2022
2022-09-02,SEA,0.0,9,2022
2022-09-03,SEA,0.02,9,2022
2022-09-04,SEA,0.01,9,2022
2022-09-05,SEA,0.02,9,2022
2022-09-06,SEA,0.0,9,2022
2022-09-07,SEA,0.0,9,2022
2022-09-08,SEA,0.0,9,2022
2022-09-09,SEA,0.0,9,2022
2022-09-10,SEA,0.0,9,2022
2022-09-11,SEA,0.0,9,2022
2022-09-12,SEA,0.0,9,2022
2022-09-13,SEA,0.0,9,2022
2022-09-14,SEA,0.0,9,2022
2022-09-15,SEA,0.0,9,2022
2022-09-16,SEA,0.0,9,2022
2022-09-17,SEA,0.0,9,2022
2022-09-18,SEA,0.0,9,2022
2022-09-19,SEA,0.0,9,2022
2022-09-20,SEA,0.0,9,2022
2022-09-21,SEA,0.0,9,2022
2022-09-22,SEA,0.0,9,2022
2022-09-23,SEA,0.0,9,2022
2022-09-24,SEA,0.0,9,2022
2022-09-25,SEA,0.0,9,2022
2022-09-26,SEA,0.0,9,2022
2022-09-27,SEA,0.0,9,2022
2022-09-28,SEA,0.0,9,2022
2022-09-29,SEA,0.0,9,2022
2022-09-30,SEA,0.0,9,2022
2022-10-01,SEA,0.0,10,2022
2022-10-02,SEA,0.0,10,2022
2022-10-03,SEA,0.0,10,2022
2022-10-04,SEA,0.0,10,2022
2022-10-05,SEA,0.0,10,2022
2022-10-06,SEA,0.0,10,2022
2022-10-07,SEA,0.0,10,2022
2022-10-08,SEA,,10,2022
2022-10-09,SEA,0.0,10,2022
2022-10-10,SEA,0.0,10,2022
2022-10-11,SEA,0.0,10,2022
2022-10-12,SEA,0.0,10,2022
2022-10-13,SEA,0.0,10,2022
2022-10-14,SEA,0.0,10,2022
2022-10-15,SEA,0.0,10,2022
2022-10-16,SEA,0.0,10,2022
2022-10-17,SEA,0.0,10,2022
2022-10-18,SEA,0.0,10,2022
2022-10-19,SEA,0.0,10,2022
2022-10-20,SEA,0.0,10,2022
2022-10-21,SEA,0.0,10,2022
2022-10-22,SEA,0.35,10,2022
2022-10-23,SEA,0.32,10,2022
2022-10-24,SEA,0.14,10,2022
2022-10-25,SEA,0.08,10,2022
2022-10-26,SEA,0.39,10,2022
2022-10-27,SEA,,10,2022
2022-10-28,SEA,0.54,10,2022
2022-10-29,SEA,0.01,10,2022
2022-10-30,SEA,0.04,10,2022
2022-10-31,SEA,0.75,10,2022
2022-11-01,SEA,0.02,11,2022
2022-11-02,SEA,0.28,11,2022
2022-11-03,SEA,0.02,11,2022
2022-11-04,SEA,0.56,11,2022
2022-11-05,SEA,0.0,11,2022
2022-11-06,SEA,0.85,11,2022
2022-11-07,SEA,0.21,11,2022
2022-11-08,SEA,0.41,11,2022
2022-11-09,SEA,0.0,11,2022
2022-11-10,SEA,0.0,11,2022
2022-11-11,SEA,0.0,11,2022
2022-11-12,SEA,0.0,11,2022
2022-11-13,SEA,0.0,11,2022
2022-11-14,SEA,0.0,11,2022
2022-11-15,SEA,0.0,11,2022
2022-11-16,SEA,0.0,11,2022
2022-11-17,SEA,0.0,11,2022
2022-11-18,SEA,0.0,11,2022
2022-11-19,SEA,0.0,11,2022
2022-11-20,SEA,0.0,11,2022
2022-11-21,SEA,0.0,11,2022
2022-11-22,SEA,0.11,11,2022
2022-11-23,SEA,0.0,11,2022
2022-11-24,SEA,0.0,11,2022
2022-11-25,SEA,0.16,11,2022
2022-11-26,SEA,0.65,11,2022
2022-11-27,SEA,0.2,11,2022
2022-11-28,SEA,0.11,11,2022
2022-11-29,SEA,0.02,11,2022
2022-11-30,SEA,1.26,11,2022
2022-12-01,SEA,0.04,12,2022
2022-12-02,SEA,0.01,12,2022
2022-12-03,SEA,0.71,12,2022
2022-12-04,SEA,0.01,12,2022
2022-12-05,SEA,0.2,12,2022
2022-12-06,SEA,0.04,12,2022
2022-12-07,SEA,0.01,12,2022
2022-12-08,SEA,0.14,12,2022
2022-12-09,SEA,,12,2022
2022-12-10,SEA,0.9,12,2022
2022-12-11,SEA,0.31,12,2022
2022-12-12,SEA,0.18,12,2022
2022-12-13,SEA,0.0,12,2022
2022-12-14,SEA,0.0,12,2022
2022-12-15,SEA,0.0,12,2022
2022-12-16,SEA,0.0,12,2022
2022-12-17,SEA,0.01,12,2022
2022-12-18,SEA,0.07,12,2022
2022-12-19,SEA,0.07,12,2022
2022-12-20,SEA,,12,2022
2022-12-21,SEA,0.31,12,2022
2022-12-22,SEA,0.03,12,2022
2022-12-23,SEA,0.35,12,2022
2022-12-24,SEA,0.51,12,2022
2022-12-25,SEA,0.45,12,2022
2022-12-26,SEA,1.69,12,2022
2022-12-27,SEA,0.78,12,2022
2022-12-28,SEA,0.71,12,2022
2022-12-29,SEA,0.04,12,2022
2022-12-30,SEA,0.56,12,2022
2022-12-31,SEA,0.27,12,2022
2023-01-01,SEA,0.0,1,2023
2023-01-02,SEA,0.01,1,2023
2023-01-03,SEA,0.0,1,2023
2023-01-04,SEA,0.0,1,2023
2023-01-05,SEA,0.04,1,2023
2023-01-06,SEA,0.12,1,2023
2023-01-07,SEA,0.28,1,2023
2023-01-08,SEA,0.25,1,2023
2023-01-09,SEA,0.36,1,2023
2023-01-10,SEA,0.0,1,2023
2023-01-11,SEA,0.05,1,2023
2023-01-12,SEA,0.45,1,2023
2023-01-13,SEA,0.48,1,2023
2023-01-14,SEA,0.33,1,2023
2023-01-15,SEA,0.06,1,2023
2023-01-16,SEA,0.32,1,2023
2023-01-17,SEA,0.01,1,2023
2023-01-18,SEA,0.19,1,2023
2023-01-19,SEA,0.29,1,2023
2023-01-20,SEA,0.0,1,2023
2023-01-21,SEA,0.13,1,2023
2023-01-22,SEA,0.25,1,2023
2023-01-23,SEA,0.0,1,2023
2023-01-24,SEA,0.0,1,2023
2023-01-25,SEA,0.02,1,2023
2023-01-26,SEA,0.0,1,2023
2023-01-27,SEA,0.1,1,2023
2023-01-28,SEA,0.08,1,2023
2023-01-29,SEA,0.0,1,2023
2023-01-30,SEA,0.0,1,2023
2023-01-31,SEA,0.0,1,2023
2023-02-01,SEA,0.0,2,2023
2023-02-02,SEA,0.0,2,2023
2023-02-03,SEA,0.0,2,2023
2023-02-04,SEA,0.44,2,2023
2023-02-05,SEA,0.07,2,2023
2023-02-06,SEA,0.23,2,2023
2023-02-07,SEA,0.4,2,2023
2023-02-08,SEA,0.13,2,2023
2023-02-09,SEA,0.0,2,2023
2023-02-10,SEA,0.08,2,2023
2023-02-11,SEA,0.0,2,2023
2023-02-12,SEA,0.01,2,2023
2023-02-13,SEA,0.35,2,2023
2023-02-14,SEA,0.31,2,2023
2023-02-15,SEA,0.0,2,2023
2023-02-16,SEA,0.0,2,2023
2023-02-17,SEA,0.32,2,2023
2023-02-18,SEA,0.03,2,2023
2023-02-19,SEA,0.07,2,2023
2023-02-20,SEA,,2,2023
2023-02-21,SEA,0.01,2,2023
2023-02-22,SEA,0.02,2,2023
2023-02-23,SEA,0.0,2,2023
2023-02-24,SEA,0.0,2,2023
2023-02-25,SEA,0.02,2,2023
2023-02-26,SEA,0.32,2,2023
2023-02-27,SEA,0.15,2,2023
2023-02-28,SEA,0.04,2,2023
2023-03-01,SEA,0.02,3,2023
2023-03-02,SEA,0.14,3,2023
2023-03-03,SEA,0.22,3,2023
2023-03-04,SEA,0.41,3,2023
2023-03-05,SEA,0.01,3,2023
2023-03-06,SEA,0.01,3,2023
2023-03-07,SEA,0.0,3,2023
2023-03-08,SEA,0.0,3,2023
2023-03-09,SEA,0.04,3,2023
2023-03-10,SEA,,3,2023
2023-03-11,SEA,0.03,3,2023
2023-03-12,SEA,0.0,3,2023
2023-03-13,SEA,0.78,3,2023
2023-03-14,SEA,0.05,3,2023
2023-03-15,SEA,0.02,3,2023
2023-03-16,SEA,0.02,3,2023
2023-03-17,SEA,0.0,3,2023
2023-03-18,SEA,0.0,3,2023
2023-03-19,SEA,0.0,3,2023
2023-03-20,SEA,0.14,3,2023
2023-03-21,SEA,0.05,3,2023
2023-03-22,SEA,0.0,3,2023
2023-03-23,SEA,0.0,3,2023
2023-03-24,SEA,0.0,3,2023
2023-03-25,SEA,0.0,3,2023
2023-03-26,SEA,0.0,3,2023
2023-03-27,SEA,0.0,3,2023
2023-03-28,SEA,0.0,3,2023
2023-03-29,SEA,0.0,3,2023
2023-03-30,SEA,0.0,3,2023
2023-03-31,SEA,0.0,3,2023
2023-04-01,SEA,0.23,4,2023
2023-04-02,SEA,0.07,4,2023
2023-04-03,SEA,0.09,4,2023
2023-04-04,SEA,0.08,4,2023
2023-04-05,SEA,0.0,4,2023
2023-04-06,SEA,0.07,4,2023
2023-04-07,SEA,0.58,4,2023
2023-04-08,SEA,0.03,4,2023
2023-04-09,SEA,0.15,4,2023
2023-04-10,SEA,0.37,4,2023
2023-04-11,SEA,0.67,4,2023
2023-04-12,SEA,0.02,4,2023
2023-04-13,SEA,0.0,4,2023
2023-04-14,SEA,0.0,4,2023
2023-04-15,SEA,0.02,4,2023
2023-04-16,SEA,0.03,4,2023
2023-04-17,SEA,,4,2023
2023-04-18,SEA,0.12,4,2023
2023-04-19,SEA,0.05,4,2023
2023-04-20,SEA,0.01,4,2023
2023-04-21,SEA,0.3,4,2023
2023-04-22,SEA,0.0,4,2023
2023-04-23,SEA,0.26,4,2023
2023-04-24,SEA,,4,2023
2023-04-25,SEA,0.0,4,2023
2023-04-26,SEA,,4,2023
2023-04-27,SEA,0.0,4,2023
2023-04-28,SEA,0.0,4,2023
2023-04-29,SEA,0.0,4,2023
2023-04-30,SEA,,4,2023
2023-05-01,SEA,0.0,5,2023
2023-05-02,SEA,0.05,5,2023
2023-05-03,SEA,0.0,5,2023
2023-05-04,SEA,0.05,5,2023
2023-05-05,SEA,0.29,5,2023
2023-05-06,SEA,0.47,5,2023
2023-05-07,SEA,0.05,5,2023
2023-05-08,SEA,,5,2023
2023-05-09,SEA,0.0,5,2023
2023-05-10,SEA,0.0,5,2023
2023-05-11,SEA,0.0,5,2023
2023-05-12,SEA,0.0,5,2023
2023-05-13,SEA,0.0,5,2023
2023-05-14,SEA,0.0,5,2023
2023-05-15,SEA,0.0,5,2023
2023-05-16,SEA,0.0,5,2023
2023-05-17,SEA,0.0,5,2023
2023-05-18,SEA,0.0,5,2023
2023-05-19,SEA,0.0,5,2023
2023-05-20,SEA,0.0,5,2023
2023-05-21,SEA,0.0,5,2023
2023-05-22,SEA,0.01,5,2023
2023-05-23,SEA,0.0,5,2023
2023-05-24,SEA,0.0,5,2023
2023-05-25,SEA,0.0,5,2023
2023-05-26,SEA,0.0,5,2023
2023-05-27,SEA,0.0,5,2023
2023-05-28,SEA,0.0,5,2023
2023-05-29,SEA,0.0,5,2023
2023-05-30,SEA,0.0,5,2023
2023-05-31,SEA,0.0,5,2023
2023-06-01,SEA,0.0,6,2023
2023-06-02,SEA,0.0,6,2023
2023-06-03,SEA,0.0,6,2023
2023-06-04,SEA,0.0,6,2023
2023-06-05,SEA,0.0,6,2023
2023-06-06,SEA,0.0,6,2023
2023-06-07,SEA,0.0,6,2023
2023-06-08,SEA,0.0,6,2023
2023-06-09,SEA,0.19,6,2023
2023-06-10,SEA,0.36,6,2023
2023-06-11,SEA,0.04,6,2023
2023-06-12,SEA,0.0,6,2023
2023-06-13,SEA,0.0,6,2023
2023-06-14,SEA,0.0,6,2023
2023-06-15,SEA,0.0,6,2023
2023-06-16,SEA,0.13,6,2023
2023-06-17,SEA,0.07,6,2023
2023-06-18,SEA,0.02,6,2023
2023-06-19,SEA,0.2,6,2023
2023-06-20,SEA,0.2,6,2023
2023-06-21,SEA,0.08,6,2023
2023-06-22,SEA,0.0,6,2023
2023-06-23,SEA,0.0,6,2023
2023-06-24,SEA,0.0,6,2023
2023-06-25,SEA,0.0,6,2023
2023-06-26,SEA,0.0,6,2023
2023-06-27,SEA,0.0,6,2023
2023-06-28,SEA,0.0,6,2023
2023-06-29,SEA,0.0,6,2023
2023-06-30,SEA,0.0,6,2023
2023-07-01,SEA,0.0,7,2023
2023-07-02,SEA,0.0,7,2023
2023-07-03,SEA,0.0,7,2023
2023-07-04,SEA,0.0,7,2023
2023-07-05,SEA,0.0,7,2023
2023-07-06,SEA,0.0,7,2023
2023-07-07,SEA,0.0,7,2023
2023-07-08,SEA,0.0,7,2023
2023-07-09,SEA,0.0,7,2023
2023-07-10,SEA,0.0,7,2023
2023-07-11,SEA,0.0,7,2023
2023-07-12,SEA,0.0,7,2023
2023-07-13,SEA,0.0,7,2023
2023-07-14,SEA,0.0,7,2023
2023-07-15,SEA,0.0,7,2023
2023-07-16,SEA,0.0,7,2023
2023-07-17,SEA,0.0,7,2023
2023-07-18,SEA,0.0,7,2023
2023-07-19,SEA,0.0,7,2023
2023-07-20,SEA,0.0,7,2023
2023-07-21,SEA,0.0,7,2023
2023-07-22,SEA,0.0,7,2023
2023-07-23,SEA,0.0,7,2023
2023-07-24,SEA,0.0,7,2023
2023-07-25,SEA,0.11,7,2023
2023-07-26,SEA,0.0,7,2023
2023-07-27,SEA,0.0,7,2023
2023-07-28,SEA,0.0,7,2023
2023-07-29,SEA,0.0,7,2023
2023-07-30,SEA,0.0,7,2023
2023-07-31,SEA,0.0,7,2023
2023-08-01,SEA,0.0,8,2023
2023-08-02,SEA,0.0,8,2023
2023-08-03,SEA,0.0,8,2023
2023-08-04,SEA,0.0,8,2023
2023-08-05,SEA,0.02,8,2023
2023-08-06,SEA,0.02,8,2023
2023-08-07,SEA,0.0,8,2023
2023-08-08,SEA,0.08,8,2023
2023-08-09,SEA,0.0,8,2023
2023-08-10,SEA,0.02,8,2023
2023-08-11,SEA,0.0,8,2023
2023-08-12,SEA,0.0,8,2023
2023-08-13,SEA,0.0,8,2023
2023-08-14,SEA,0.0,8,2023
2023-08-15,SEA,0.0,8,2023
2023-08-16,SEA,0.0,8,2023
2023-08-17,SEA,0.0,8,2023
2023-08-18,SEA,0.0,8,2023
2023-08-19,SEA,0.0,8,2023
2023-08-20,SEA,0.0,8,2023
2023-08-21,SEA,0.0,8,2023
2023-08-22,SEA,0.0,8,2023
2023-08-23,SEA,0.05,8,2023
2023-08-24,SEA,0.0,8,2023
2023-08-25,SEA,0.0,8,2023
2023-08-26,SEA,0.01,8,2023
2023-08-27,SEA,0.0,8,2023
2023-08-28,SEA,0.0,8,2023
2023-08-29,SEA,0.03,8,2023
2023-08-30,SEA,0.17,8,2023
2023-08-31,SEA,0.02,8,2023
2023-09-01,SEA,0.02,9,2023
2023-09-02,SEA,0.0,9,2023
2023-09-03,SEA,0.0,9,2023
2023-09-04,SEA,0.0,9,2023
2023-09-05,SEA,,9,2023
2023-09-06,SEA,0.0,9,2023
2023-09-07,SEA,0.0,9,2023
2023-09-08,SEA,0.0,9,2023
2023-09-09,SEA,,9,2023
2023-09-10,SEA,0.0,9,2023
2023-09-11,SEA,,9,2023
2023-09-12,SEA,0.0,9,2023
2023-09-13,SEA,0.0,9,2023
2023-09-14,SEA,0.0,9,2023
2023-09-15,SEA,0.0,9,2023
2023-09-16,SEA,0.0,9,2023
2023-09-17,SEA,0.0,9,2023
2023-09-18,SEA,0.03,9,2023
2023-09-19,SEA,0.0,9,2023
2023-09-20,SEA,0.43,9,2023
2023-09-21,SEA,0.02,9,2023
2023-09-22,SEA,0.0,9,2023
2023-09-23,SEA,0.0,9,2023
2023-09-24,SEA,0.06,9,2023
2023-09-25,SEA,0.83,9,2023
2023-09-26,SEA,1.02,9,2023
2023-09-27,SEA,0.91,9,2023
2023-09-28,SEA,0.77,9,2023
2023-09-29,SEA,0.31,9,2023
2023-09-30,SEA,0.0,9,2023
2023-10-01,SEA,0.0,10,2023
2023-10-02,SEA,0.0,10,2023
2023-10-03,SEA,0.04,10,2023
2023-10-04,SEA,0.0,10,2023
2023-10-05,SEA,0.0,10,2023
2023-10-06,SEA,0.0,10,2023
2023-10-07,SEA,0.0,10,2023
2023-10-08,SEA,0.0,10,2023
2023-10-09,SEA,0.0,10,2023
2023-10-10,SEA,0.07,10,2023
2023-10-11,SEA,0.74,10,2023
2023-10-12,SEA,0.06,10,2023
2023-10-13,SEA,0.12,10,2023
2023-10-14,SEA,,10,2023
2023-10-15,SEA,0.04,10,2023
2023-10-16,SEA,,10,2023
2023-10-17,SEA,0.06,10,2023
2023-10-18,SEA,0.11,10,2023
2023-10-19,SEA,0.0,10,2023
2023-10-20,SEA,0.0,10,2023
2023-10-21,SEA,0.0,10,2023
2023-10-22,SEA,0.0,10,2023
2023-10-23,SEA,0.0,10,2023
2023-10-24,SEA,0.6,10,2023
2023-10-25,SEA,0.76,10,2023
2023-10-26,SEA,0.02,10,2023
2023-10-27,SEA,0.0,10,2023
2023-10-28,SEA,0.0,10,2023
2023-10-29,SEA,0.0,10,2023
2023-10-30,SEA,0.0,10,2023
2023-10-31,SEA,0.0,10,2023
2023-11-01,SEA,0.0,11,2023
2023-11-02,SEA,0.87,11,2023
2023-11-03,SEA,0.15,11,2023
2023-11-04,SEA,0.72,11,2023
2023-11-05,SEA,0.31,11,2023
2023-11-06,SEA,0.2,11,2023
2023-11-07,SEA,0.72,11,2023
2023-11-08,SEA,0.01,11,2023
2023-11-09,SEA,0.0,11,2023
2023-11-10,SEA,0.15,11,2023
2023-11-11,SEA,0.29,11,2023
2023-11-12,SEA,0.03,11,2023
2023-11-13,SEA,0.22,11,2023
2023-11-14,SEA,0.0,11,2023
2023-11-15,SEA,0.01,11,2023
2023-11-16,SEA,0.0,11,2023
2023-11-17,SEA,0.0,11,2023
2023-11-18,SEA,0.0,11,2023
2023-11-19,SEA,0.0,11,2023
2023-11-20,SEA,0.04,11,2023
2023-11-21,SEA,0.0,11,2023
2023-11-22,SEA,0.39,11,2023
2023-11-23,SEA,0.0,11,2023
2023-11-24,SEA,0.0,11,2023
2023-11-25,SEA,,11,2023
2023-11-26,SEA,0.0,11,2023
2023-11-27,SEA,0.0,11,2023
2023-11-28,SEA,,11,2023
2023-11-29,SEA,0.0,11,2023
2023-11-30,SEA,0.02,11,2023
2023-12-01,SEA,0.44,12,2023
2023-12-02,SEA,0.43,12,2023
2023-12-03,SEA,0.7,12,2023
2023-12-04,SEA,0.15,12,2023
2023-12-05,SEA,3.01,12,2023
2023-12-06,SEA,0.98,12,2023
2023-12-07,SEA,0.34,12,2023
2023-12-08,SEA,0.0,12,2023
2023-12-09,SEA,0.04,12,2023
2023-12-10,SEA,0.67,12,2023
2023-12-11,SEA,0.03,12,2023
2023-12-12,SEA,0.0,12,2023
2023-12-13,SEA,0.0,12,2023
2023-12-14,SEA,0.14,12,2023
2023-12-15,SEA,0.0,12,2023
2023-12-16,SEA,0.0,12,2023
2023-12-17,SEA,0.0,12,2023
2023-12-18,SEA,0.05,12,2023
2023-12-19,SEA,0.12,12,2023
2023-12-20,SEA,0.21,12,2023
2023-12-21,SEA,0.01,12,2023
2023-12-22,SEA,0.67,12,2023
2023-12-23,SEA,0.0,12,2023
2023-12-24,SEA,0.0,12,2023
2023-12-25,SEA,0.0,12,2023
2023-12-26,SEA,0.82,12,2023
2023-12-27,SEA,0.0,12,2023
2023-12-28,SEA,0.26,12,2023
2023-12-29,SEA,0.08,12,2023
2023-12-30,SEA,0.02,12,2023
2023-12-31,SEA,0.06,12,2023
